date,Explanation of comps +/- 2% ,explanation_of_sales_variance_plus_minus_2percent,CATERING SALES,TOTAL NET SALES (EXC CATERING),TOTAL NET SALES (INC CATERING),VARIANCE TO 2021,VARIANCE TO 2022,bar_covers,bar_sales,comp_percent,comps_excluding_employee_comps,dinner_covers,dinner_ppa,dinner_sales,labor_dollar,labor_percent,lunch_covers,lunch_ppa,lunch_sales,takeout_sales,total_covers,total_net_sales
2023-01-02,$310 Alcohol comps(guest recovery) $216 Specail Occasion,Insanely busy lunch and 37 bottles sold all day,,,,,,,,,,,,,,,,,,,,
2023-01-03,,"Decent walk in traffic, Good wine sales",,,,,,,,,,,,,,,,,,,,
2023-01-04,,"pop at 7 pm, again great wine sales",,,,,,,,,,,,,,,,,,,,
2023-01-05,,Early dinner pop,,,,,,,,,,,,,,,,,,,,
2023-01-06,,Best Lunch and Dinner sales of the week!,,,,,,,,,,,,,,,,,,,,
2023-01-07,,Art fair on 5th,,,,,,,,,,,,,,,,,,,,
2023-01-08,,"Sunday Jazz, Busy all the way through Happy Hour",,,,,,,,,,,,,,,,,,,,
2023-01-09,"$48 owner alc, $112 ownerfood","Slow night on 5th, Art show for 2 days, day prior",,,,,,,,,,,,,,,,,,,,
2023-01-10,,"Steady lunch, good wine sales tonight",,,,,,,,,,,,,,,,,,,,
2023-01-11,,"Busy Bar, pop between 6-7 pm",,,,,,,,,,,,,,,,,,,,
2023-01-12,,Full patio all evening,,,,,,,,,,,,,,,,,,,,
2023-01-13,,A full restaurant all evening,,,,,,,,,,,,,,,,,,,,
2023-01-14,,"Very cold, in the 50's, so instead of the beach they came to the french!",,,,,,,,,,,,,,,,,,,,
2023-01-15,,"Sunday Jazz Brunch Steady HH, up against rain from PY",,,,,,,,,,,,,,,,,,,,
2023-01-16,,MLK parade - holiday,,,,,,,,,,,,,,,,,,,,
2023-01-17,,Last Year MLK day,,,,,,,,,,,,,,,,,,,,
2023-01-18,Owner food $343 Owner Al $154 Special Occasion $60 Special Al $67,Steady dinner full patio all evening. Small catering drop off for Ferrari,,,,,,,,,,,,,,,,,,,,
2023-01-19,"Manager meal Chef Maria, $120 Special Occasion",Great wine sales from FOH team! MC Escher Event at Ferrari,,,,,,,,,,,,,,,,,,,,
2023-01-20,,"Steady Dinner, great weather",,,,,,,,,,,,,,,,,,,,
2023-01-21,,"Breakfast Event at Ferrari. Steady lunch. Busy dinner, people waiting for outside dining, PDR $2K",,,,,,,,,,,,,,,,,,,,
2023-01-22,,"power outtage from 3 to 5:40 pm, Celerbation of life 80 guest ",,,,,,,,,,,,,,,,,,,,
2023-01-23,Training food,"rainy day, drizzled most of day.  Nite cleared up.",,,,,,,,,,,,,,,,,,,,
2023-01-24,,"Private event in the 70's 22top, good wine sales",,,,,,,,,,,,,,,,,,,,
2023-01-25,,Whole area internet outage for 4+ hours,,,,,,,,,,,,,,,,,,,,
2023-01-26,Owner food,Busy bustling lunch. Rain this evening till 7pm and cold.,,,,,,,,,,,,,,,,,,,,
2023-01-27,,Last year we had private event 7k,,,,,,,,,,,,,,,,,,,,
2023-01-28,,"Swamp Buggy Parade, Full restaurant during the evening",,,,,,,,,,,,,,,,,,,,
2023-01-29,,Steady Sunday Jazz brunch,,,,,,,,,,,,,,,,,,,,
2023-01-30,MARKETING AND TASTING FOR LEMONADE,SLOWER DAY AND NIGHT.  ABOUT 50 WALK-INS.LAST YEAR HAD BIG WINE SALES,,,,,,,,,,,,,,,,,,,,
2023-01-31,,Wedding dinner 12 top and 2 other events of 10 and 8 tops ,,,,,,,,,,,,,,,,,,,,
2023-02-01,,Great wine sales from FOH 2 solid dinner hours ,,,,,,,,,,,,,,,,,,,,
2023-02-02,,"Solid Evening, full patio all evening",,,,,,,,,,,,,,,,,,,,
2023-02-03,,A full restaurant ligth shower around 5:30 pm Private event Wedding 15 top,,,,,,,,,,,,,,,,,,,,
2023-02-04,,Cars on 5th lunch over 20K. Coupled with Catering Sales for massive lunch sales. Dinner was steady and robust. Mild Weather. Lots of people walking the avenue. ,,,,,,,,,,,,,,,,,,,,
2023-02-05,,21k Wine Dinner Successful Jazzy Brunch ,,,,,,,,,,,,,,,,,,,,
2023-02-06,,Nice walk-ins lunch and dinner.,,,,,,,,,,,,,,,,,,,,
2023-02-07,,Steady evening last year we had a offsite event,,,,,,,,,,,,,,,,,,,,
2023-02-08,,16 top private event 3K  Good wine sales,,,,,,,,,,,,,,,,,,,,
2023-02-09,,Steady Dinner Full Patio,,,,,,,,,,,,,,,,,,,,
2023-02-10,,4K+ Chablis dinner Busy bar all evening,,,,,,,,,,,,,,,,,,,,
2023-02-11,,"Big parties, lots of wine sales.",,,,,,,,,,,,,,,,,,,,
2023-02-12,,SUPERBOWL,,,,,,,,,,,,,,,,,,,,
2023-02-13,,Up against Valentine's day last year. ,,,,,,,,,,,,,,,,,,,,
2023-02-14,,Steady Valentines day full restaurant,,,,,,,,,,,,,,,,,,,,
2023-02-15,,Dinner picked up later in the evening,,,,,,,,,,,,,,,,,,,,
2023-02-16,,"Full bar and patio all evening, inside filled up later in the evening",,,,,,,,,,,,,,,,,,,,
2023-02-17,,Robust wine sales tonight. Opened up pacing at 4pm to snag last minute resos. ,,,,,,,,,,,,,,,,,,,,
2023-02-18,,Full house all day…bar / hh/ patio and inside … nice wine sales,,,,,,,,,,,,,,,,,,,,
2023-02-19,,"Busy Burnch, Pop around 6:30 pm",,,,,,,,,,,,,,,,,,,,
2023-02-20,,Quiet lunch for president day and no walkins,,,,,,,,,,,,,,,,,,,,
2023-02-21,,Nice lunch patio was full with walk-ins,,,,,,,,,,,,,,,,,,,,
2023-02-22,,"Full Patio and Bar all evening, Dining room pop around 6 pm",,,,,,,,,,,,,,,,,,,,
2023-02-23,,"Busy Lunch, Great Wine Sales",,,,,,,,,,,,,,,,,,,,
2023-02-24,,"Steady lunch & Dinner, multiple special occasions",,,,,,,,,,,,,,,,,,,,
2023-02-25,,A few larger party cancelations.  Art Show at the Park,,,,,,,,,,,,,,,,,,,,
2023-02-26,,"Lively Jazz Brunch, Steady dinner",,,,,,,,,,,,,,,,,,,,
2023-02-27,,Started with 175 and finished 194 NO WALK-INS ,,,,,,,,,,,,,,,,,,,,
2023-02-28,,Two strong hours of dinner service. Red tide full bloom,,,,,,,,,,,,,,,,,,,,
2023-03-01,,"Busy Bar, Full Patio all evening",,,,,,,,,,,,,,,,,,,,
2023-03-02,,"Evening on 5th, Offsite $6k event  ",,,,,,,,,,,,,,,,,,,,
2023-03-03,,busy lunch / nice HH/ not too much walk-ins,,,,,,,,,,,,,,,,,,,,
2023-03-04,,Steady full restaurant for dinner,,,,,,,,,,,,,,,,,,,,
2023-03-05,,"Multiple large parties for Brunch, 20 top walk in for dinner",,,,,,,,,,,,,,,,,,,,
2023-03-13,,"Rainy evening, Ferrari event offsite",,,,,,,,,,,,,,,,,,,,
2023-03-14,,Lunch Food Tour + mild weather on patio. Comparable dinner to last night. Did about 100 less guests than last year for dinner,,,,,,,,,,,,,,,,,,,,
2023-03-15,,"Lunch event 30 Top, Cool weather this evening with a 23 Top event",,,,,,,,,,,,,,,,,,,,
2023-03-16,,Last food tour  event only 11ppl Pop around 7pm,,,,,,,,,,,,,,,,,,,,
2023-03-17,,"Steady Flow for dinner, nice weather",,,,,,,,,,,,,,,,,,,,
2023-03-18,,Decent Lunch boosted by Ferrari Catering,,,,,,,,,,,,,,,,,,,,
2023-03-19,,"Busy lunch considering dreary weather, Most of dinner inside due to light rain",,,,,,,,,,,,,,,,,,,,
2023-03-20,,Great lunch in addition to 20K catering event (reflected in PM sales) Cool weather made for a mild evening on the patio. ,,,,,,,,,,,,,,,,,,,,
2023-03-21,,"Dinner flowed steady,late reservaiton showed up at 9pm  with added off site catering. Warmer night",,,,,,,,,,,,,,,,,,,,
2023-03-22,,"Soft Lunch, Full patio for Dinner. Private event 20 top Gordon Food, nice bottle wine sales",,,,,,,,,,,,,,,,,,,,
2023-03-23,,"16 top for Lunch, Steady Dinner with plenty large parties all around",,,,,,,,,,,,,,,,,,,,
2023-03-24,,"Soft lunch and happy hour, steady dinner with large parties, warm day/night",,,,,,,,,,,,,,,,,,,,
2023-03-25,,Busy Lunch ART SHOW. Ferrari 20 top dinnner  and off property catering,,,,,,,,,,,,,,,,,,,,
2023-03-26,,"Steady lunch and dinner, late big party CXL",,,,,,,,,,,,,,,,,,,,
2023-03-27,,"Soft Lunch, Steady Dinner, Main dining room and patio full all evening",,,,,,,,,,,,,,,,,,,,
2023-03-28,,"Soft lunch, 15 top outside @ 6:30,  Dinner push at 7:30",,,,,,,,,,,,,,,,,,,,
2023-03-29,,"Quiet lunch, Steady dinner good wine sales",,,,,,,,,,,,,,,,,,,,
2023-03-30,,"Steady Lunch, Cloudy sky made the restaurant cozy inside",,,,,,,,,,,,,,,,,,,,
2023-03-31,,"53 top Wedding rehersal dinner, Full restaurant all evening",,,,,,,,,,,,,,,,,,,,
2023-04-01,,"Steady Lunch, Slow start to dinner peak at 7 pm Last year we had a abuy out",,,,,,,,,,,,,,,,,,,,
2023-04-02,,"More quiet Sunday brunch, steady dinner with Large party late evening",,,,,,,,,,,,,,,,,,,,
2023-04-03,,"Soft Lunch and Dinner, Nice wine sales from Mont and Rock",,,,,,,,,,,,,,,,,,,,
2023-04-04,,Marcello Wine Dinner,,,,,,,,,,,,,,,,,,,,
2023-04-05,,"Very warm quiet lunch, Dinner picked up around 7 pm",,,,,,,,,,,,,,,,,,,,
2023-04-06,,Strong rain from 5 to 8 pm. Good wine sales,,,,,,,,,,,,,,,,,,,,
2023-04-07,,"late rain about 9:15pm, steady full dinner",,,,,,,,,,,,,,,,,,,,
2023-04-08,,Soft lunch was expected as most come out tomorrow for Easter brunch. Strong and steady dinner. Busy through almost 9pm. 15K catering. ,,,,,,,,,,,,,,,,,,,,
2023-04-09,,"Successful Easter Sunday Jazzy Brunch, Softer evening",,,,,,,,,,,,,,,,,,,,
2023-04-10,,"First day of 3 course Lunch, Cloudy Stormy weahter most the evening.",,,,,,,,,,,,,,,,,,,,
2023-04-11,,Unstable weather kept most indoors for dinner tonight,,,,,,,,,,,,,,,,,,,,
2023-04-12,,"Rainy Lunch, weather shift for the better full patio by the end of the evening",,,,,,,,,,,,,,,,,,,,
2023-04-13,,"Very soft Lunch, Bar picked up at 3pm, a bit of rain around 7 pm",,,,,,,,,,,,,,,,,,,,
2023-04-14,,Great weather tonight! Steady dinner.  Windstar BOD 20 top at 6:15pm,,,,,,,,,,,,,,,,,,,,
2023-04-15,,"Soft Lunch, Steady dinner with over 300 covers",,,,,,,,,,,,,,,,,,,,
2023-04-16,,"Easter in 2022, with over 50 walk ins this evening. ",,,,,,,,,,,,,,,,,,,,
2023-04-17,,"Windy Weather, over 40 walk ins for dinner, great wine sales by the FOH team this evening",,,,,,,,,,,,,,,,,,,,
2023-04-18,Special Occasion and SO Alchol $182 Food Comp $207,"Beautiful less humid weather today, full patio for dinner",,,,,,,,,,,,,,,,,,,,
2023-04-19,,A full bar during the evening. Steady dinner  ,,,,,,,,,,,,,,,,,,,,
2023-04-20,,"Ferrari Dinner 40 top great success, full restaurant this evening.",,,,,,,,,,,,,,,,,,,,
2023-04-21,,Catering event sales. Full bar all day and night. Busy Patio tonight,,,,,,,,,,,,,,,,,,,,
2023-04-22,,"Soft Lunch, Busy Bar and full restaruant all evening, 2 large party events",,,,,,,,,,,,,,,,,,,,
2023-04-23,,"Full busy lunch, two large parties on patio",,,,,,,,,,,,,,,,,,,,
2023-04-24,,"Felt Season coming to a halt tonigt, lunch had a nice phase.",,,,,,,,,,,,,,,,,,,,
2023-04-25,,Offsite Catering tonight. Full Bar all night. Steady lunch & dinner. Two large parties about 7:30pm,,,,,,,,,,,,,,,,,,,,
2023-04-26,,"Steady HH, Marcellos Wine Dinner.",,,,,,,,,,,,,,,,,,,,
2023-04-27,,"Marcello Wine lunch 20ppl. Lunch was popping today, great walkin traffic, mild weather. ",,,,,,,,,,,,,,,,,,,,
2023-04-28,,"Steady lunch and Dinner, full patio by 6:00pm, Full bar thru night. Lucky-No rain",,,,,,,,,,,,,,,,,,,,
2023-04-29,,Wine Dinner Ferrari 10 top over 230 covers tonight,,,,,,,,,,,,,,,,,,,,
2023-04-30,,"Windy rainy weeather early am, Full patio brunch  by 1pm, full bar, No Jazz music due to weather, 14 top lunch @ 1:30pm",,,,,,,,,,,,,,,,,,,,
2023-05-01,,"Beautiful Weather, last hour pop in the patio",,,,,,,,,,,,,,,,,,,,
2023-05-02,,"Quiet Lunch. Marcello, 17 top Wine Dinner",,,,,,,,,,,,,,,,,,,,
2023-05-03,,"Steady Dinner, Great wine sales from Mont",,,,,,,,,,,,,,,,,,,,
2023-05-04,,"Steady lunch, Tour of France Marseille Well received",,,,,,,,,,,,,,,,,,,,
2023-05-05,,"Steady lunch and HH, wine sales later dinner",,,,,,,,,,,,,,,,,,,,
2023-05-06,,"Steady Lunch with a full bar-Kentucky Derby, nice dinner pop at 7pm",,,,,,,,,,,,,,,,,,,,
2023-05-07,,Up against Mother's Day last year. Full bar up until the very end. ,,,,,,,,,,,,,,,,,,,,
2023-05-08,,"Soft Lunch, Dinner had a nice phase slow down early",,,,,,,,,,,,,,,,,,,,
2023-05-09,,"Quiet lunch and bar, most dinner guests requested inside",,,,,,,,,,,,,,,,,,,,
2023-05-10,,Pop around 7pm many walkins,,,,,,,,,,,,,,,,,,,,
2023-05-11,,Slow Lunch today. Dinner started popping in the patio with a full bar later in the evening,,,,,,,,,,,,,,,,,,,,
2023-05-12,,Lively lunch with mild weather lead into an offsite on Gulfshore and a Wine Dinner in the MDR. ,,,,,,,,,,,,,,,,,,,,
2023-05-13,,"buzzling HH at the bar and Steady Dinner, Lite Rain on and off",,,,,,,,,,,,,,,,,,,,
2023-05-14,,"Mother's day Brunch Warm and successful, Rain on and off tonight, over 50 Walkins for Dinner",,,,,,,,,,,,,,,,,,,,
2023-05-15,,Very quiet lunch and HH followed by a very soft dinner. CATERING offsite,,,,,,,,,,,,,,,,,,,,
2023-05-16,,Soft Lunch and Dinner about 24 walk ins for dinner,,,,,,,,,,,,,,,,,,,,
2023-05-17,,"Lunch on par to past few days, Handful of Anniversaries Celebrations tonight",,,,,,,,,,,,,,,,,,,,
2023-05-18,,"Wine Lunch w/ Marcello, Soft Dinner ",,,,,,,,,,,,,,,,,,,,
2023-05-19,,"Quiet lunch steady HH, Dinner Pop  late",,,,,,,,,,,,,,,,,,,,
2023-05-20,,Full bar all day. Light rain 8pm. 50% return business tonight,,,,,,,,,,,,,,,,,,,,
2023-05-21,,"Full Bar by 1pm Light rain during Dinner, Somm Wine Selection well received",,,,,,,,,,,,,,,,,,,,
2023-05-22,,Wine Dinner & Full Bar HH. Still having good lunches despite fall off in covers. ,,,,,,,,,,,,,,,,,,,,
2023-05-23,,"Up against 8k external sales from PY. Without that event it was a ""normal"" day with 8.5K in sales which was on par for rest of week.  ",,,,,,,,,,,,,,,,,,,,
2023-05-24,,"Very soft Lunch.  Bar full for HH, Over half the covers were walkins this evening. Ferrai offsite event",,,,,,,,,,,,,,,,,,,,
2023-05-25,,$800 ($400 of wine) lunch table today with Elliot. One hit wonder. Rain threatened all evening. ,,,,,,,,,,,,,,,,,,,,
2023-05-26,,Summer rain pattern is here to stay. Busy HH and steady Dinner,,,,,,,,,,,,,,,,,,,,
2023-05-27,,"Full bar all evening, Steady Dinner",,,,,,,,,,,,,,,,,,,,
2023-05-28,,Last of Live Music for season till Oct. Full patio and bar during brunch,,,,,,,,,,,,,,,,,,,,
2023-05-29,,"Full Bar all day. Many walk-ins, east coast visitors and families",,,,,,,,,,,,,,,,,,,,
2023-05-30,,"Soft Lunch Rainy aftenoon, push at 6 pm with a handful of Walk-ins ",,,,,,,,,,,,,,,,,,,,
2023-05-31,,Private event for HH full bar and Downpour this evening,,,,,,,,,,,,,,,,,,,,
2023-06-01,,"Good handfull of walkins, strong rain at the end of the evening",,,,,,,,,,,,,,,,,,,,
2023-06-02,,"Quiet lunch, steady HH. Rain came about 7pm, moved patio  seating to indoors",,,,,,,,,,,,,,,,,,,,
2023-06-03,,Light rain day off and on.Hopping HH 3:30pm Offsite catering tonight,,,,,,,,,,,,,,,,,,,,
2023-06-04,,"Steady Lunch, Great wine sales from FOH",,,,,,,,,,,,,,,,,,,,
2023-06-05,,Incredibly quiet day. Light rain off and on from 6-9pm. 2 small catering events. ,,,,,,,,,,,,,,,,,,,,
2023-06-06,,"Early dinner pop at 4 pm, rain on and off all evening",,,,,,,,,,,,,,,,,,,,
2023-06-07,,"Soft Lunch and Dinner, doubled our covers this evening.",,,,,,,,,,,,,,,,,,,,
2023-06-08,"Full table for 2 guests, 203 due to bar error ","Full Bar HH by 3:30pm thru 8pm, Music on 5th tonight helped bring in some walk-ins",,,,,,,,,,,,,,,,,,,,
2023-06-09,,"Bar very quiet during HH, till close ….....Slowest. Steady dinner flow with full patio all night",,,,,,,,,,,,,,,,,,,,
2023-06-10,,"Bar busy all day, steady lunch, Soft dinner",,,,,,,,,,,,,,,,,,,,
2023-06-11,,2nd Sunday with no jazz brunch. We still had them last year.  Push at 2pm along with a 12 top walkin,,,,,,,,,,,,,,,,,,,,
2023-06-12,,"Quiet day overall, extremely hot",,,,,,,,,,,,,,,,,,,,
2023-06-13,,12 top Trade Wine Lunch and 26 top Wine Dinner w/ Marcello. Lunch PPA without bar counts was $51 due to luncheon. ,,,,,,,,,,,,,,,,,,,,
2023-06-14,,"Soft Lunch, Dinner pop at 7pm Double our covers in walkins this evening. Heat advisory. ",,,,,,,,,,,,,,,,,,,,
2023-06-15,,"Lunch on par with previous days, Dinner again coming in with a pop around 7 pm. great amount of walkins. Heat advisory. ",,,,,,,,,,,,,,,,,,,,
2023-06-16,,Steady lunch and dinner. Last minute late walk-ins.  Heat advisory. ,,,,,,,,,,,,,,,,,,,,
2023-06-17,,Double Booking for catering. Great lunch. 5top had $800 tab ($160PPA for that table). $49.55 PPA for lunch without bar covers/sales.   Heat advisory. ,,,,,,,,,,,,,,,,,,,,
2023-06-18,,"FATHER'S DAY VERY RAINY  Bar full at 4pm, Steady walk in phase during the evening. ",,,,,,,,,,,,,,,,,,,,
2023-06-19,,Late Dinner pop about 8pm,,,,,,,,,,,,,,,,,,,,
2023-06-20,,Soft Lunch. Dinners covers were moslty walk ins!,,,,,,,,,,,,,,,,,,,,
2023-06-21,,Up against PY wine dinner @ $150++ a head and an almost $4k PY lunch. ,,,,,,,,,,,,,,,,,,,,
2023-06-22,,"Offsite Catering Rainy afternnoon, Multiple walkins this evening",,,,,,,,,,,,,,,,,,,,
2023-06-23,,Very quiet lunch busy HH at the bar,,,,,,,,,,,,,,,,,,,,
2023-06-24,,"Lunch had a pop around 2 with many large parties, Dinner also had many large parties all day!",,,,,,,,,,,,,,,,,,,,
2023-06-25,,"Busy Brunch and HH, Soft Dinner.",,,,,,,,,,,,,,,,,,,,
2023-06-26,,"Thunderstorms all around us today, soft lunch and dinner",,,,,,,,,,,,,,,,,,,,
2023-06-27,,"Steady HH at the bar, 30% of covers were walkins this evening",,,,,,,,,,,,,,,,,,,,
2023-06-28,,"Steady Lunch, Soft Dinner mainly inside tables this evening.",,,,,,,,,,,,,,,,,,,,
2023-06-29,,Aston Martin Off-Site Catering.  Soft Lunch and HH handful of Large tables for Dinner,,,,,,,,,,,,,,,,,,,,
2023-06-30,,"Off site Catering, dinner was popping tonight",,,,,,,,,,,,,,,,,,,,
2023-07-01,,"Steady lunch and dinner, Busy HH with some light rain PM",,,,,,,,,,,,,,,,,,,,
2023-07-02,,"Busy Brunch and bar, Dinner pop around 6 and 7:30 pm",,,,,,,,,,,,,,,,,,,,
2023-07-03,,"Last Year 4th of July. No Rain, Steady Lunch and Dinner with a Busy Bar all day",,,,,,,,,,,,,,,,,,,,
2023-07-04,,"4th of July Parade for Lunch, Dinner pop at 6 pm",,,,,,,,,,,,,,,,,,,,
2023-07-05,,"Lunch covers were all Walkins. Rain on and off, Soft Dinner",,,,,,,,,,,,,,,,,,,,
2023-07-06,,"Started with a rainy morning, Heat Advisory, Had a pop around 8:30 pm",,,,,,,,,,,,,,,,,,,,
2023-07-07,,"Heat Advisory, very quiet lunch and HH, steady dinner flow",,,,,,,,,,,,,,,,,,,,
2023-07-08,,"Most covers were walkins today, Rain in the beginning of Dinner, $19k Outside event. ",,,,,,,,,,,,,,,,,,,,
2023-07-09,,Started with 15 covers finished with 137 for lunch. Decent Wine sale for dinner.,,,,,,,,,,,,,,,,,,,,
2023-07-10,,"Quiet Lunch and HH, Dinner had last minute walkins, Good wine sales by Ivan ",,,,,,,,,,,,,,,,,,,,
2023-07-11,,"Very slow day and night, not many people on the street, some late walkins and a 12 top for dinner",,,,,,,,,,,,,,,,,,,,
2023-07-12,,"Handful of walkins for Lunch and Dinner, Busy Bar during HH",,,,,,,,,,,,,,,,,,,,
2023-07-13,,Up agaist Bastille Day LY. Busy bar. Late Dinner pop,,,,,,,,,,,,,,,,,,,,
2023-07-14,,BASTILLE DAY,,,,,,,,,,,,,,,,,,,,
2023-07-15,,"Steady Lunch, Summer menu roll out for Dinner, Offsite Ferrari",,,,,,,,,,,,,,,,,,,,
2023-07-16,,Busy HH and late push large parties,,,,,,,,,,,,,,,,,,,,
2023-07-17,,"Slow day and nigth, not much foot traffic on the street",,,,,,,,,,,,,,,,,,,,
2023-07-18,,"6k + wine sales from Marcello, soft Dinner with small pop at 5 pm",,,,,,,,,,,,,,,,,,,,
2023-07-19,"Marketing Food comp, Rouge Vendor and comp alcohol, comp entrees did not like","Rainy day today off and on throughout day, not many walk-ins, low covers. Guests enjoying items on new menu",,,,,,,,,,,,,,,,,,,,
2023-07-20,,"Soft lunch, Dinner started later than usual, handful of walkins",,,,,,,,,,,,,,,,,,,,
2023-07-21,Owner food 216      Owner alcohol 54$   Special occasion 90$,A lot of walk-ins for the lunch and the HH was nice Dinner was more quiet,,,,,,,,,,,,,,,,,,,,
2023-07-22,,"Late Dinner pop, large party walkins, 1k in gc Sale",,,,,,,,,,,,,,,,,,,,
2023-07-23,,"Brunch was busy with a Hopping Bar till 6pm, 50% repeat guests today",,,,,,,,,,,,,,,,,,,,
2023-07-24,,"Quiet lunch, Busy HH only at the Bar . Nice $1800 wine sale by Marcello. Marcello Wine Dinner 4 top $250++pp",,,,,,,,,,,,,,,,,,,,
2023-07-25,,"Buzzing HH at the bar, Dinner mostly Walkins",,,,,,,,,,,,,,,,,,,,
2023-07-26,,"Handful of larger parties for Lunch, Walkins were most of out covers tthis evening",,,,,,,,,,,,,,,,,,,,
2023-07-27,,"Soft Lunch, Full bar at HH, Late push with with large tops",,,,,,,,,,,,,,,,,,,,
2023-07-28,,"Buzzing lunch and HH today Steady dinner with a pop at 6:30, large parties late. Opening Night of ROUGE",,,,,,,,,,,,,,,,,,,,
2023-07-29,,Cars & Coffee event at Gulfcoast Motorworks. 2nd night of Rouge.  and softer lunch than yesterday. ,,,,,,,,,,,,,,,,,,,,
2023-07-30,,"Steady Lunch Busy HH att he bar, Late dinner walkins",,,,,,,,,,,,,,,,,,,,
2023-07-31,,"Quiet Lunch, Buzzing HH, nice Steady Dinner flow with large walkin 14 top at 8:30pm, Rouge 2  Top Anniversay",,,,,,,,,,,,,,,,,,,,
2023-08-01,,"Slow Lunch, with a late pop for HH and many walksins around 7 pm",,,,,,,,,,,,,,,,,,,,
2023-08-02,,"M. Chapoutier Trade Lunch withMarcello, Soft Dinner.",,,,,,,,,,,,,,,,,,,,
2023-08-03,,"1K+ Wine sales from Marcello for Lunch, Fully booked at Rouge This evenig.",,,,,,,,,,,,,,,,,,,,
2023-08-04,,"Busy HH and Dinner, felt like season again, 4K Rouge",,,,,,,,,,,,,,,,,,,,
2023-08-05,,"Busy Bar All HH, Steady Dinner with over 100 walkins. Rouge going strong!",,,,,,,,,,,,,,,,,,,,
2023-08-06,,"HH 47 top, Steady Lunch and Dinner",,,,,,,,,,,,,,,,,,,,
2023-08-07,$124.00 of special occasions.,"More than doubled walkins all day Quiet HH, Great Wine sales Dinner",,,,,,,,,,,,,,,,,,,,
2023-08-08,90.00$ special occasion,Massive power outage last year. Closed for dinner. ,,,,,,,,,,,,,,,,,,,,
2023-08-09,Special occasion 90$ ans Neighbour 60$,Nice Lunch… party 46 Greater naples Chamber ROUGE was open,,,,,,,,,,,,,,,,,,,,
2023-08-10,,Lunch on Par as previous days with a lively HH and steady Dinner flow with large parties and  Naples Yacht Club 10 Top. Live music on 5th tonight. ROUGE was open. ,,,,,,,,,,,,,,,,,,,,
2023-08-11, ,Lunch on par for the week with a steady almost $34ppa. Dinner was slow to start but we had a $1200 8top and decent walkins. Comparable covers to last night with bigger spenders. ROUGE was open. ,,,,,,,,,,,,,,,,,,,,
2023-08-12,,Both Lunch & Dinner PPA up today.  Bentley Cars & Coffee  Catering $2K.  Rain kept a lot of walkins from coming tonight. Big spender in ROUGE TONIGHT one table $2K and Great Wine Sales.  ROUGE was open,,,,,,,,,,,,,,,,,,,,
2023-08-13,Ran a Speical today for National Prosecco Day and gave one complimentary drink with a meal,"Steady Lunch flow, quiet HH Dinner was very soft compared to last several nights, however a good dinner PPA at $57",,,,,,,,,,,,,,,,,,,,
2023-08-14,,"Soft Lunch and Dinner, handfull of walkins at the end of the evening",,,,,,,,,,,,,,,,,,,,
2023-08-15,,"Full bar for HH  & 12 top ladies HH Wine Dinner, very few dinner walkins",,,,,,,,,,,,,,,,,,,,
2023-08-16,,"Around 50% of covers for dinner were walkins, Rouge booked up!",,,,,,,,,,,,,,,,,,,,
2023-08-17,,"Soft lunch, Diner was steady at the French and Rouge",,,,,,,,,,,,,,,,,,,,
2023-08-18,,"Nice Weather, over half our covers were  Walkins, Rouge fully booked",,,,,,,,,,,,,,,,,,,,
2023-08-19,,Exotics &Espressos at Ferrari.  Steady Lunch. Overcast weather but it never rained.  Robust Bar Guests tonight. Dinne filled between 6:30-7:30.,,,,,,,,,,,,,,,,,,,,
2023-08-20,,"Steady Lunch and Dinner pop around 7pm, many tourist tables from Europe and Miami.",,,,,,,,,,,,,,,,,,,,
2023-08-21,,Lunch and Dinner on Par with last year.  Good start to the week with a bustling HH.  Dinner picked up about 7:30pm ,,,,,,,,,,,,,,,,,,,,
2023-08-22,,"Steady bar for HH, early dinner, mostly patio sitting, Private event at Rouge, up agaist Opera night LY",,,,,,,,,,,,,,,,,,,,
2023-08-23,,"On par with yesterday's sales, Steady patio, Rouge with 18 covers",,,,,,,,,,,,,,,,,,,,
2023-08-24,,"HH event 15 top, Strong storm in the middle of Dinner, Steady Rouge.",,,,,,,,,,,,,,,,,,,,
2023-08-25,Many Special Occasion and Food Comps today,"Ladies Luncheon 15 top, Hopping HH with Steady dinner flow, many guests opted for patio seating, Rouge at Capacity",,,,,,,,,,,,,,,,,,,,
2023-08-26,,"Steady lunch but the bar was more busy with a nice HH and walk-ins for dinner, Rouge 26 covers,    off site catering for lunch",,,,,,,,,,,,,,,,,,,,
2023-08-27,,"Handful of walk ins for Lunch, Steady bar in the afternoon, Thunderstom in  the evening",,,,,,,,,,,,,,,,,,,,
2023-08-28,,very calm all day no walk-ins,,,,,,,,,,,,,,,,,,,,
2023-08-29,,Lunch 27 top canceled. Restaurant Closed @5pm due to Hurricane Idalia,,,,,,,,,,,,,,,,,,,,
2023-08-30,,"Lost power, was restored by 11am. All walkins for lunch. Lost power again by 5pm got it back by 9 pm",,,,,,,,,,,,,,,,,,,,
2023-08-31,,"Lost internet from 12:30-3:00pm, super soft lunch. Rouge Open",,,,,,,,,,,,,,,,,,,,
2023-09-01,,Very Quiet Lunch followed by a pop for HH at the bar from 5pm-6pm and a quiet dinner. Rouge Open,,,,,,,,,,,,,,,,,,,,
2023-09-02,,"Bustling HH With stong rain, Large Parties all evening, Rouge 100% full",,,,,,,,,,,,,,,,,,,,
2023-09-03,,"Steady Lunch and Dinner, Rouge open this evening to make up for Wedneday powr outage",,,,,,,,,,,,,,,,,,,,
2023-09-04,,"Very Quiet Labor Day, Bar was busy all day.  Lunch had a good flow of walk-ins. Walk-ins today were very few for dinner, no large parties. Last week we were getting ready for Hurricane",,,,,,,,,,,,,,,,,,,,
2023-09-05,,Rouge open for 2 top and 2k bottle of  Rothschild 2017 solf at the bar by Marcello ,,,,,,,,,,,,,,,,,,,,
2023-09-06,,"On par with yesterday, very quiet after Labor Day.  Rouge Open",,,,,,,,,,,,,,,,,,,,
2023-09-07,,"Soft Lunch, dinner had a pop by 7 pm, Rouge open tonight, with good wine sales.",,,,,,,,,,,,,,,,,,,,
2023-09-08,,"Soft Lunch, Busy HH at the bar, full restaurant by 8 pm including Rouge",,,,,,,,,,,,,,,,,,,,
2023-09-09,,"2k Bentley offsite Event, 5K Sales at Rouge, steady and Full restaurant by 7 pm",,,,,,,,,,,,,,,,,,,,
2023-09-10,,"Brunch and Dinner were both on par with sales and covers,  bit softer than expeted. ",,,,,,,,,,,,,,,,,,,,
2023-09-11,,"Catering sales Reflects previous 8 services for Bentley daily food as well as 6 days of food this week. Moving forward, will all be rang in weely, on Mondays for consistency. Lunch had a promising start but fizzled out within the first hour and a half. Soft Dinner mostly walksins enjoying 50% off wine bottles Monday",,,,,,,,,,,,,,,,,,,,
2023-09-12,,Steady day for both lunch and dinner with decent HH. Happy to see drastic improvement on PPA for dinner tonight. Nearly everyone ordered Sizzle menu and it reflect in the PA. Mild weather. Brief threatening thunderstorms. Never rained. ,,,,,,,,,,,,,,,,,,,,
2023-09-13,,"Lunch on par with past few days, dinner had a steady phase with Large parties at the end of the evening. Rouge Open today",,,,,,,,,,,,,,,,,,,,
2023-09-14,,"Marcello's Trade Lunch event, Steady HH, Evening on 5th, Decent wine sales at Rouge",,,,,,,,,,,,,,,,,,,,
2023-09-15,,"Steady Lunch with a HH busy from 4-5:30pm, 12 Top Ladies Birthday Happy Hour in Main DR.  8 Top came in late for Dinner.              Rouge Open",,,,,,,,,,,,,,,,,,,,
2023-09-16,,"Ferarri event this morning, Soft Lunch, Busy bar for HH, Restaurant filled up inside by 6:30 pm, Rouge Fully booked ",,,,,,,,,,,,,,,,,,,,
2023-09-17,,"Pop for lunch at 11:30, Bar was filled up at 2:30pm and stayed busy. Dinner was Steady with over 30 walkin covers",,,,,,,,,,,,,,,,,,,,
2023-09-18,,"Great wine sales all day today by the entire team even with an extremely slow Monday lunch. Steady dinner flow with a great push at 7pm, nice weather",,,,,,,,,,,,,,,,,,,,
2023-09-19,,"Ferrari Luncheon, Negroni Week, Soft Lunch and Dinner",,,,,,,,,,,,,,,,,,,,
2023-09-20,,"Threatening weather all day, Very quiet Lunch, Bar full at 3pm. Private Rouge Buy out",,,,,,,,,,,,,,,,,,,,
2023-09-21,,"Quiet Lunch, dinner pop at 7 pm, Rouge open this evening",,,,,,,,,,,,,,,,,,,,
2023-09-22,,"Full Bar, Steady dinner with a pop at 7pm and 7:30pm Main DR and Patio full tonight, Doubled our covers tonight with walkins. Rouge open",,,,,,,,,,,,,,,,,,,,
2023-09-23,,"Started the night with 130. Large push between 6/7, beautiful weather, many guests wanted outside",,,,,,,,,,,,,,,,,,,,
2023-09-24,,"Steady Sunday Brunch, Bar busy all morning and HH, Dinner picked up a bit with over 50% walkins",,,,,,,,,,,,,,,,,,,,
2023-09-25,,On par lunch for a Monday for sales and covers. HH was not very robust. Dinner was soft and it threatened to rain almost all night. Finally had a downpour later in the evening. ,,,,,,,,,,,,,,,,,,,,
2023-09-26,,Overcast all day. Wine Trade Lunch followed by sold out wine dinner. Hurricane Ian last year. Closed for entire week. Will not be mentioning every night in the notes. ,,,,,,,,,,,,,,,,,,,,
2023-09-27,,"Last Day of Sizzle Week, Rouge was open, decent Dinner PPA",,,,,,,,,,,,,,,,,,,,
2023-09-28,,"Mostly walkins for Lunch, busy HH at the bar, late start to dinner, Rouge open.",,,,,,,,,,,,,,,,,,,,
2023-09-29,,"Dinner started soft and ended on a high note, great wine sales from FOH",,,,,,,,,,,,,,,,,,,,
2023-09-30,,"Rainy lunch and dinner. Rouge open, rang sales for tomorrow's catering event as well to get it in the week. ",,,,,,,,,,,,,,,,,,,,
2023-10-01,,"Steady Sunday Brunch with couple of large parties, Rainy evening, with half our covers in walkins",,,,,,,,,,,,,,,,,,,,
2023-10-02,,Last full day closure due to Ian PY. Typical Monday lunch with a busier night than last week. Catering sales for both NLI Café as well as Ferrari PuroSangue test drive event. ,,,,,,,,,,,,,,,,,,,,
2023-10-03,training food 164$,Adverse weather conditions (terrible air quality) kept people in for lunch. ,,,,,,,,,,,,,,,,,,,,
2023-10-04,,Wine dinner 7K         Rouge 2K,,,,,,,,,,,,,,,,,,,,
2023-10-05,,Slow start to dinner service picked around 715pm. Rouge open ,,,,,,,,,,,,,,,,,,,,
2023-10-06,,Diners started off strong with large parties and full bar.,,,,,,,,,,,,,,,,,,,,
2023-10-07,,Bustling Patio a full Rouge with special 7 top ,,,,,,,,,,,,,,,,,,,,
2023-10-08,,Up against first jazz brunch from LY. 20 top private event today during lunch.,,,,,,,,,,,,,,,,,,,,
2023-10-09,,Closed due to flooding.,,,,,,,,,,,,,,,,,,,,
2023-10-10,TRAINING FOOD AND SPECIAL OCCASION FOOD,REOPENED ON TIME FOR LUNCH WITH MOSTLY WALKINS FOR LUNCH AND DINNER,,,,,,,,,,,,,,,,,,,,
2023-10-11,SPECIAL OCCASION FOOD,"Lunch was better than yesterday, late afternoon showers likey led to soft dinner sales. Rouge open.",,,,,,,,,,,,,,,,,,,,
2023-10-12,,multiple catering. Lunch on par. Late pop on dinner with humid breezy night. Soft HH. ,,,,,,,,,,,,,,,,,,,,
2023-10-13, ,Lunch consistent rain killed the HH but the bar had a nice crowd during all night not too much walk ins ,,,,,,,,,,,,,,,,,,,,
2023-10-14,,Best lunch of the week/ HH was busy/ Nice ambiance and affluence at the bar/ Dinner up and down reservations overall it was a good night,,,,,,,,,,,,,,,,,,,,
2023-10-15,Special occasion      ,"First jazz brunch of the season. Strong start, fizzled quickly. Decent HH, soft dinner. Mild weather. ",,,,,,,,,,,,,,,,,,,,
2023-10-16,,First mild day. Lunch identical to Monday (10/2) More robust dinner due to weather. ,,,,,,,,,,,,,,,,,,,,
2023-10-17,,Lunch and Rouge was stars today,,,,,,,,,,,,,,,,,,,,
2023-10-18,,Steady HH full Patio by 7:30 PM Rouge open this evening,,,,,,,,,,,,,,,,,,,,
2023-10-19,,"2 offsite event tonight, Soft Dinner push at 7 pm",,,,,,,,,,,,,,,,,,,,
2023-10-20,,Mostly walk-ins for lunch and dinner. Full bar most of evening. Rouge open.,,,,,,,,,,,,,,,,,,,,
2023-10-21,,"Offsite Ferarri event, Steady dinner with large parties in the patio. Rouge 32 covers",,,,,,,,,,,,,,,,,,,,
2023-10-22,,"Beautiful Sunday Jazz Brunch, steayd dinner in patio, Rouge/Port Royal Club 11 covers",,,,,,,,,,,,,,,,,,,,
2023-10-23,,"Busy bar HH, Steady dinner Full patio. Rouge Port Royal 14 top at Rouge",,,,,,,,,,,,,,,,,,,,
2023-10-24,,"Dinner slow start and busy last 2 hours, Rouge Port Royal with 15 covers",,,,,,,,,,,,,,,,,,,,
2023-10-25,Training and special occasion,Steady lunch like the last two days HH was slow with a busy time at 5pm   patio dinner was full… Rouge 8 covers,,,,,,,,,,,,,,,,,,,,
2023-10-26,,"40 top HH Steady Dinner full Patio, Rouge Open 8 covers",,,,,,,,,,,,,,,,,,,,
2023-10-27,,Bar full for HH. Patio full for dinner service. 5k 22 top for wedding rehersal dinner at 6pm. Rouge 21 covers,,,,,,,,,,,,,,,,,,,,
2023-10-28,,"Halloween event on 5th, Full patio and Bar for Dinner all evening, Rouge 23 covers",,,,,,,,,,,,,,,,,,,,
2023-10-29,,"Jazz Brunch steady with a push start at 11:30 am, Soft Dinner Rouge was open for Port Royal.",,,,,,,,,,,,,,,,,,,,
2023-10-30,Special occasion and training food,Catering saved the day… lunch and dinner quiet,,,,,,,,,,,,,,,,,,,,
2023-10-31,,"Large parties including 17 top, patio full, Rouge with 12 covers",,,,,,,,,,,,,,,,,,,,
2023-11-01,,"Soft Lunch, Steady Dinner with good wine sales Rouge with 14 covers",,,,,,,,,,,,,,,,,,,,
2023-11-02,,"Full Patio this evening, Rouge 14 covers",,,,,,,,,,,,,,,,,,,,
2023-11-03,,Rouge open. PM buyout. ,,,,,,,,,,,,,,,,,,,,
2023-11-04,,"Steady Lunch, early pop for dinner full restaurnat, Rouge 16 covers",,,,,,,,,,,,,,,,,,,,
2023-11-05,,"Sunday Brunch started with  Rush and stayed busy, Dinner busy in patio Rouge 1 port royal cover",,,,,,,,,,,,,,,,,,,,
2022-01-02,,,,,,,,,,,,,,,,,,,,,,26807.25
2022-01-03,,,,,,,,,,,,,,,,,,,,,,23007.61
2022-01-04,,,,,,,,,,,,,,,,,,,,,,20800.77
2022-01-05,,,,,,,,,,,,,,,,,,,,,,24111.51
2022-01-06,,,,,,,,,,,,,,,,,,,,,,31718.13
2022-01-07,,,,,,,,,,,,,,,,,,,,,,35898.52
2022-01-08,,,,,,,,,,,,,,,,,,,,,,25326.25
2022-01-09,,,,,,,,,,,,,,,,,,,,,,13335.25
2022-01-10,,,,,,,,,,,,,,,,,,,,,,17690.51
2022-01-11,,,,,,,,,,,,,,,,,,,,,,19132.91
2022-01-12,,,,,,,,,,,,,,,,,,,,,,23116.75
2022-01-13,,,,,,,,,,,,,,,,,,,,,,29969.02
2022-01-14,,,,,,,,,,,,,,,,,,,,,,36298.76
2022-01-15,,,,,,,,,,,,,,,,,,,,,,22492.5
2022-01-16,,,,,,,,,,,,,,,,,,,,,,20985.05
2022-01-17,,,,,,,,,,,,,,,,,,,,,,22491.86
2022-01-18,,,,,,,,,,,,,,,,,,,,,,20004.13
2022-01-19,,,,,,,,,,,,,,,,,,,,,,22716.5
2022-01-20,,,,,,,,,,,,,,,,,,,,,,33099.75
2022-01-21,,,,,,,,,,,,,,,,,,,,,,35195.25
2022-01-22,,,,,,,,,,,,,,,,,,,,,,29342.0
2022-01-23,,,,,,,,,,,,,,,,,,,,,,20703.25
2022-01-24,,,,,,,,,,,,,,,,,,,,,,21253.75
2022-01-25,,,,,,,,,,,,,,,,,,,,,,21334.08
2022-01-26,,,,,,,,,,,,,,,,,,,,,,29199.06
2022-01-27,,,,,,,,,,,,,,,,,,,,,,39116.8
2022-01-28,,,,,,,,,,,,,,,,,,,,,,40448.51
2022-01-29,,,,,,,,,,,,,,,,,,,,,,26835.0
2022-01-30,,,,,,,,,,,,,,,,,,,,,,20023.5
2022-01-31,,,,,,,,,,,,,,,,,,,,,,19631.2
2022-02-01,,,,,,,,,,,,,,,,,,,,,,22460.48
2022-02-02,,,,,,,,,,,,,,,,,,,,,,24610.76
2022-02-03,,,,,,,,,,,,,,,,,,,,,,35947.5
2022-02-04,,,,,,,,,,,,,,,,,,,,,,57251.91
2022-02-05,,,,,,,,,,,,,,,,,,,,,,31310.25
2022-02-06,,,,,,,,,,,,,,,,,,,,,,25388.23
2022-02-07,,,,,,,,,,,,,,,,,,,,,,30879.0
2022-02-08,,,,,,,,,,,,,,,,,,,,,,24869.81
2022-02-09,,,,,,,,,,,,,,,,,,,,,,34097.61
2022-02-10,,,,,,,,,,,,,,,,,,,,,,35386.5
2022-02-11,,,,,,,,,,,,,,,,,,,,,,43256.75
2022-02-12,,,,,,,,,,,,,,,,,,,,,,23495.3
2022-02-13,,,,,,,,,,,,,,,,,,,,,,60635.5
2022-02-14,,,,,,,,,,,,,,,,,,,,,,27691.82
2022-02-15,,,,,,,,,,,,,,,,,,,,,,28293.1
2022-02-16,,,,,,,,,,,,,,,,,,,,,,30958.0
2022-02-17,,,,,,,,,,,,,,,,,,,,,,36936.38
2022-02-18,,,,,,,,,,,,,,,,,,,,,,49003.4
2022-02-19,,,,,,,,,,,,,,,,,,,,,,35187.0
2022-02-20,,,,,,,,,,,,,,,,,,,,,,33971.25
2022-02-21,,,,,,,,,,,,,,,,,,,,,,30969.2
2022-02-22,,,,,,,,,,,,,,,,,,,,,,33306.5
2022-02-23,,,,,,,,,,,,,,,,,,,,,,38556.09
2022-02-24,,,,,,,,,,,,,,,,,,,,,,37213.65
2022-02-25,,,,,,,,,,,,,,,,,,,,,,42103.2
2022-02-26,,,,,,,,,,,,,,,,,,,,,,29955.33
2022-02-27,,,,,,,,,,,,,,,,,,,,,,26449.5
2022-02-28,,,,,,,,,,,,,,,,,,,,,,27411.6
2022-03-01,,,,,,,,,,,,,,,,,,,,,,25807.67
2022-03-02,,,,,,,,,,,,,,,,,,,,,,36591.46
2022-03-03,,,,,,,,,,,,,,,,,,,,,,42686.46
2022-03-04,,,,,,,,,,,,,,,,,,,,,,41374.0
2022-03-05,,,,,,,,,,,,,,,,,,,,,,35551.25
2022-03-13,,,,,,,,,,,,,,,,,,,,,,24989.17
2022-03-14,,,,,,,,,,,,,,,,,,,,,,30637.5
2022-03-15,,,,,,,,,,,,,,,,,,,,,,29336.51
2022-03-16,,,,,,,,,,,,,,,,,,,,,,26210.0
2022-03-17,,,,,,,,,,,,,,,,,,,,,,36054.3
2022-03-18,,,,,,,,,,,,,,,,,,,,,,46984.75
2022-03-19,,,,,,,,,,,,,,,,,,,,,,36739.5
2022-03-20,,,,,,,,,,,,,,,,,,,,,,29334.7
2022-03-21,,,,,,,,,,,,,,,,,,,,,,22703.59
2022-03-22,,,,,,,,,,,,,,,,,,,,,,28880.25
2022-03-23,,,,,,,,,,,,,,,,,,,,,,32132.71
2022-03-24,,,,,,,,,,,,,,,,,,,,,,37334.75
2022-03-25,,,,,,,,,,,,,,,,,,,,,,46959.77
2022-03-26,,,,,,,,,,,,,,,,,,,,,,31763.25
2022-03-27,,,,,,,,,,,,,,,,,,,,,,27145.5
2022-03-28,,,,,,,,,,,,,,,,,,,,,,31237.28
2022-03-29,,,,,,,,,,,,,,,,,,,,,,21932.5
2022-03-30,,,,,,,,,,,,,,,,,,,,,,25150.25
2022-03-31,,,,,,,,,,,,,,,,,,,,,,32346.01
2022-04-01,,,,,,,,,,,,,,,,,,,,,,39262.5
2022-04-02,,,,,,,,,,,,,,,,,,,,,,28819.1
2022-04-03,,,,,,,,,,,,,,,,,,,,,,21776.08
2022-04-04,,,,,,,,,,,,,,,,,,,,,,20304.61
2022-04-05,,,,,,,,,,,,,,,,,,,,,,19254.03
2022-04-06,,,,,,,,,,,,,,,,,,,,,,23353.5
2022-04-07,,,,,,,,,,,,,,,,,,,,,,34004.13
2022-04-08,,,,,,,,,,,,,,,,,,,,,,41017.5
2022-04-09,,,,,,,,,,,,,,,,,,,,,,27286.0
2022-04-10,,,,,,,,,,,,,,,,,,,,,,18773.75
2022-04-11,,,,,,,,,,,,,,,,,,,,,,22154.11
2022-04-12,,,,,,,,,,,,,,,,,,,,,,20328.2
2022-04-13,,,,,,,,,,,,,,,,,,,,,,25038.5
2022-04-14,,,,,,,,,,,,,,,,,,,,,,39430.15
2022-04-15,,,,,,,,,,,,,,,,,,,,,,39120.26
2022-04-16,,,,,,,,,,,,,,,,,,,,,,34396.5
2022-04-17,,,,,,,,,,,,,,,,,,,,,,21786.25
2022-04-18,,,,,,,,,,,,,,,,,,,,,,22306.13
2022-04-19,,,,,,,,,,,,,,,,,,,,,,21956.14
2022-04-20,,,,,,,,,,,,,,,,,,,,,,20405.5
2022-04-21,,,,,,,,,,,,,,,,,,,,,,35838.25
2022-04-22,,,,,,,,,,,,,,,,,,,,,,31121.12
2022-04-23,,,,,,,,,,,,,,,,,,,,,,27357.0
2022-04-24,,,,,,,,,,,,,,,,,,,,,,18723.52
2022-04-25,,,,,,,,,,,,,,,,,,,,,,16585.51
2022-04-26,,,,,,,,,,,,,,,,,,,,,,18231.0
2022-04-27,,,,,,,,,,,,,,,,,,,,,,18297.1
2022-04-28,,,,,,,,,,,,,,,,,,,,,,22451.0
2022-04-29,,,,,,,,,,,,,,,,,,,,,,24686.0
2022-04-30,,,,,,,,,,,,,,,,,,,,,,22586.5
2022-05-01,,,,,,,,,,,,,,,,,,,,,,10726.85
2022-05-02,,,,,,,,,,,,,,,,,,,,,,13296.75
2022-05-03,,,,,,,,,,,,,,,,,,,,,,11584.25
2022-05-04,,,,,,,,,,,,,,,,,,,,,,13870.0
2022-05-05,,,,,,,,,,,,,,,,,,,,,,22461.75
2022-05-06,,,,,,,,,,,,,,,,,,,,,,22360.25
2022-05-07,,,,,,,,,,,,,,,,,,,,,,37328.5
2022-05-08,,,,,,,,,,,,,,,,,,,,,,13735.0
2022-05-09,,,,,,,,,,,,,,,,,,,,,,11287.8
2022-05-10,,,,,,,,,,,,,,,,,,,,,,10054.44
2022-05-11,,,,,,,,,,,,,,,,,,,,,,9853.75
2022-05-12,,,,,,,,,,,,,,,,,,,,,,19115.45
2022-05-13,,,,,,,,,,,,,,,,,,,,,,22495.48
2022-05-14,,,,,,,,,,,,,,,,,,,,,,20222.17
2022-05-15,,,,,,,,,,,,,,,,,,,,,,10367.5
2022-05-16,,,,,,,,,,,,,,,,,,,,,,11083.13
2022-05-17,,,,,,,,,,,,,,,,,,,,,,9725.25
2022-05-18,,,,,,,,,,,,,,,,,,,,,,9654.77
2022-05-19,,,,,,,,,,,,,,,,,,,,,,15829.7
2022-05-20,,,,,,,,,,,,,,,,,,,,,,24527.5
2022-05-21,,,,,,,,,,,,,,,,,,,,,,17695.75
2022-05-22,,,,,,,,,,,,,,,,,,,,,,8513.75
2022-05-23,,,,,,,,,,,,,,,,,,,,,,16478.51
2022-05-24,,,,,,,,,,,,,,,,,,,,,,9189.25
2022-05-25,,,,,,,,,,,,,,,,,,,,,,12010.75
2022-05-26,,,,,,,,,,,,,,,,,,,,,,20947.0
2022-05-27,,,,,,,,,,,,,,,,,,,,,,28747.5
2022-05-28,,,,,,,,,,,,,,,,,,,,,,24417.6
2022-05-29,,,,,,,,,,,,,,,,,,,,,,13875.25
2022-05-30,,,,,,,,,,,,,,,,,,,,,,7542.41
2022-05-31,,,,,,,,,,,,,,,,,,,,,,8263.5
2022-06-01,,,,,,,,,,,,,,,,,,,,,,9804.75
2022-06-02,,,,,,,,,,,,,,,,,,,,,,6263.3
2022-06-03,,,,,,,,,,,,,,,,,,,,,,17857.5
2022-06-04,,,,,,,,,,,,,,,,,,,,,,10791.25
2022-06-05,,,,,,,,,,,,,,,,,,,,,,8991.75
2022-06-06,,,,,,,,,,,,,,,,,,,,,,5754.75
2022-06-07,,,,,,,,,,,,,,,,,,,,,,7177.01
2022-06-08,,,,,,,,,,,,,,,,,,,,,,10495.29
2022-06-09,,,,,,,,,,,,,,,,,,,,,,11989.75
2022-06-10,,,,,,,,,,,,,,,,,,,,,,14904.51
2022-06-11,,,,,,,,,,,,,,,,,,,,,,14947.02
2022-06-12,,,,,,,,,,,,,,,,,,,,,,5883.25
2022-06-13,,,,,,,,,,,,,,,,,,,,,,8679.0
2022-06-14,,,,,,,,,,,,,,,,,,,,,,9052.9
2022-06-15,,,,,,,,,,,,,,,,,,,,,,9991.01
2022-06-16,,,,,,,,,,,,,,,,,,,,,,10044.75
2022-06-17,,,,,,,,,,,,,,,,,,,,,,13357.5
2022-06-18,,,,,,,,,,,,,,,,,,,,,,17703.5
2022-06-19,,,,,,,,,,,,,,,,,,,,,,8466.9
2022-06-20,,,,,,,,,,,,,,,,,,,,,,8563.25
2022-06-21,,,,,,,,,,,,,,,,,,,,,,21976.51
2022-06-22,,,,,,,,,,,,,,,,,,,,,,6375.0
2022-06-23,,,,,,,,,,,,,,,,,,,,,,12847.0
2022-06-24,,,,,,,,,,,,,,,,,,,,,,15394.26
2022-06-25,,,,,,,,,,,,,,,,,,,,,,12341.5
2022-06-26,,,,,,,,,,,,,,,,,,,,,,9187.15
2022-06-27,,,,,,,,,,,,,,,,,,,,,,8572.75
2022-06-28,,,,,,,,,,,,,,,,,,,,,,7439.0
2022-06-29,,,,,,,,,,,,,,,,,,,,,,6632.05
2022-06-30,,,,,,,,,,,,,,,,,,,,,,12362.9
2022-07-01,,,,,,,,,,,,,,,,,,,,,,16747.75
2022-07-02,,,,,,,,,,,,,,,,,,,,,,16520.0
2022-07-03,,,,,,,,,,,,,,,,,,,,,,17300.05
2022-07-04,,,,,,,,,,,,,,,,,,,,,,5943.0
2022-07-05,,,,,,,,,,,,,,,,,,,,,,6575.1
2022-07-06,,,,,,,,,,,,,,,,,,,,,,9625.75
2022-07-07,,,,,,,,,,,,,,,,,,,,,,14254.17
2022-07-08,,,,,,,,,,,,,,,,,,,,,,17351.0
2022-07-09,,,,,,,,,,,,,,,,,,,,,,10127.26
2022-07-10,,,,,,,,,,,,,,,,,,,,,,6553.5
2022-07-11,,,,,,,,,,,,,,,,,,,,,,8283.52
2022-07-12,,,,,,,,,,,,,,,,,,,,,,6762.5
2022-07-13,,,,,,,,,,,,,,,,,,,,,,18149.5
2022-07-14,,,,,,,,,,,,,,,,,,,,,,13202.35
2022-07-15,,,,,,,,,,,,,,,,,,,,,,13055.0
2022-07-16,,,,,,,,,,,,,,,,,,,,,,12771.0
2022-07-17,,,,,,,,,,,,,,,,,,,,,,5105.0
2022-07-18,,,,,,,,,,,,,,,,,,,,,,7136.5
2022-07-19,,,,,,,,,,,,,,,,,,,,,,7360.3
2022-07-20,,,,,,,,,,,,,,,,,,,,,,10834.75
2022-07-21,,,,,,,,,,,,,,,,,,,,,,10329.25
2022-07-22,,,,,,,,,,,,,,,,,,,,,,10560.63
2022-07-23,,,,,,,,,,,,,,,,,,,,,,10481.0
2022-07-24,,,,,,,,,,,,,,,,,,,,,,6519.01
2022-07-25,,,,,,,,,,,,,,,,,,,,,,6926.25
2022-07-26,,,,,,,,,,,,,,,,,,,,,,9710.5
2022-07-27,,,,,,,,,,,,,,,,,,,,,,8447.25
2022-07-28,,,,,,,,,,,,,,,,,,,,,,12381.5
2022-07-29,,,,,,,,,,,,,,,,,,,,,,14891.52
2022-07-30,,,,,,,,,,,,,,,,,,,,,,10214.25
2022-07-31,,,,,,,,,,,,,,,,,,,,,,4430.25
2022-08-01,,,,,,,,,,,,,,,,,,,,,,5296.74
2022-08-02,,,,,,,,,,,,,,,,,,,,,,8666.75
2022-08-03,,,,,,,,,,,,,,,,,,,,,,9255.75
2022-08-04,,,,,,,,,,,,,,,,,,,,,,11451.0
2022-08-05,,,,,,,,,,,,,,,,,,,,,,17098.75
2022-08-06,,,,,,,,,,,,,,,,,,,,,,12567.45
2022-08-07,,,,,,,,,,,,,,,,,,,,,,5076.08
2022-08-08,,,,,,,,,,,,,,,,,,,,,,1754.5
2022-08-09,,,,,,,,,,,,,,,,,,,,,,8756.75
2022-08-10,,,,,,,,,,,,,,,,,,,,,,10905.0
2022-08-11,,,,,,,,,,,,,,,,,,,,,,11101.25
2022-08-12,,,,,,,,,,,,,,,,,,,,,,14456.0
2022-08-13,,,,,,,,,,,,,,,,,,,,,,9759.0
2022-08-14,,,,,,,,,,,,,,,,,,,,,,6938.0
2022-08-15,,,,,,,,,,,,,,,,,,,,,,8052.75
2022-08-16,,,,,,,,,,,,,,,,,,,,,,6757.0
2022-08-17,,,,,,,,,,,,,,,,,,,,,,7748.0
2022-08-18,,,,,,,,,,,,,,,,,,,,,,10633.35
2022-08-19,,,,,,,,,,,,,,,,,,,,,,11707.0
2022-08-20,,,,,,,,,,,,,,,,,,,,,,10772.75
2022-08-21,,,,,,,,,,,,,,,,,,,,,,4889.5
2022-08-22,,,,,,,,,,,,,,,,,,,,,,15497.75
2022-08-23,,,,,,,,,,,,,,,,,,,,,,7831.0
2022-08-24,,,,,,,,,,,,,,,,,,,,,,7328.9
2022-08-25,,,,,,,,,,,,,,,,,,,,,,10755.75
2022-08-26,,,,,,,,,,,,,,,,,,,,,,13379.21
2022-08-27,,,,,,,,,,,,,,,,,,,,,,9339.95
2022-08-28,,,,,,,,,,,,,,,,,,,,,,5267.5
2022-08-29,,,,,,,,,,,,,,,,,,,,,,6180.5
2022-08-30,,,,,,,,,,,,,,,,,,,,,,6199.25
2022-08-31,,,,,,,,,,,,,,,,,,,,,,8378.25
2022-09-01,,,,,,,,,,,,,,,,,,,,,,13366.26
2022-09-02,,,,,,,,,,,,,,,,,,,,,,17152.74
2022-09-03,,,,,,,,,,,,,,,,,,,,,,17424.75
2022-09-04,,,,,,,,,,,,,,,,,,,,,,11904.0
2022-09-05,,,,,,,,,,,,,,,,,,,,,,4377.5
2022-09-06,,,,,,,,,,,,,,,,,,,,,,4740.29
2022-09-07,,,,,,,,,,,,,,,,,,,,,,8009.55
2022-09-08,,,,,,,,,,,,,,,,,,,,,,10371.25
2022-09-09,,,,,,,,,,,,,,,,,,,,,,18129.3
2022-09-10,,,,,,,,,,,,,,,,,,,,,,10240.75
2022-09-11,,,,,,,,,,,,,,,,,,,,,,6646.0
2022-09-12,,,,,,,,,,,,,,,,,,,,,,5964.25
2022-09-13,,,,,,,,,,,,,,,,,,,,,,7497.75
2022-09-14,,,,,,,,,,,,,,,,,,,,,,10914.5
2022-09-15,,,,,,,,,,,,,,,,,,,,,,15116.6
2022-09-16,,,,,,,,,,,,,,,,,,,,,,20629.02
2022-09-17,,,,,,,,,,,,,,,,,,,,,,11549.0
2022-09-18,,,,,,,,,,,,,,,,,,,,,,8893.25
2022-09-19,,,,,,,,,,,,,,,,,,,,,,10269.01
2022-09-20,,,,,,,,,,,,,,,,,,,,,,9056.5
2022-09-21,,,,,,,,,,,,,,,,,,,,,,7641.25
2022-09-22,,,,,,,,,,,,,,,,,,,,,,15749.2
2022-09-23,,,,,,,,,,,,,,,,,,,,,,19101.75
2022-09-24,,,,,,,,,,,,,,,,,,,,,,11542.0
2022-09-25,,,,,,,,,,,,,,,,,,,,,,5885.0
2022-09-26,,,,,,,,,,,,,,,,,,,,,,2723.9
2022-09-27,,,,,,,,,,,,,,,,,,,,,,0.01
2022-09-28,,,,,,,,,,,,,,,,,,,,,,0.01
2022-09-29,,,,,,,,,,,,,,,,,,,,,,0.01
2022-09-30,,,,,,,,,,,,,,,,,,,,,,0.01
2022-10-01,,,,,,,,,,,,,,,,,,,,,,0.01
2022-10-02,,,,,,,,,,,,,,,,,,,,,,0.01
2022-10-03,,,,,,,,,,,,,,,,,,,,,,5901.75
2022-10-04,,,,,,,,,,,,,,,,,,,,,,6782.75
2022-10-05,,,,,,,,,,,,,,,,,,,,,,5678.8
2022-10-06,,,,,,,,,,,,,,,,,,,,,,13574.01
2022-10-07,,,,,,,,,,,,,,,,,,,,,,13894.26
2022-10-08,,,,,,,,,,,,,,,,,,,,,,11535.75
2022-10-09,,,,,,,,,,,,,,,,,,,,,,6816.25
2022-10-10,,,,,,,,,,,,,,,,,,,,,,8076.65
2022-10-11,,,,,,,,,,,,,,,,,,,,,,7633.27
2022-10-12,,,,,,,,,,,,,,,,,,,,,,7089.75
2022-10-13,,,,,,,,,,,,,,,,,,,,,,12804.85
2022-10-14,,,,,,,,,,,,,,,,,,,,,,14667.9
2022-10-15,,,,,,,,,,,,,,,,,,,,,,11718.5
2022-10-16,,,,,,,,,,,,,,,,,,,,,,7802.0
2022-10-17,,,,,,,,,,,,,,,,,,,,,,6243.01
2022-10-18,,,,,,,,,,,,,,,,,,,,,,6272.25
2022-10-19,,,,,,,,,,,,,,,,,,,,,,12154.05
2022-10-20,,,,,,,,,,,,,,,,,,,,,,14392.51
2022-10-21,,,,,,,,,,,,,,,,,,,,,,21942.01
2022-10-22,,,,,,,,,,,,,,,,,,,,,,15224.0
2022-10-23,,,,,,,,,,,,,,,,,,,,,,8441.0
2022-10-24,,,,,,,,,,,,,,,,,,,,,,9369.75
2022-10-25,,,,,,,,,,,,,,,,,,,,,,10146.25
2022-10-26,,,,,,,,,,,,,,,,,,,,,,10994.0
2022-10-27,,,,,,,,,,,,,,,,,,,,,,20453.33
2022-10-28,,,,,,,,,,,,,,,,,,,,,,19960.83
2022-10-29,,,,,,,,,,,,,,,,,,,,,,15288.5
2022-10-30,,,,,,,,,,,,,,,,,,,,,,12711.75
2022-10-31,,,,,,,,,,,,,,,,,,,,,,7971.26
2022-11-01,,,,,,,,,,,,,,,,,,,,,,14073.5
2022-11-02,,,,,,,,,,,,,,,,,,,,,,12563.0
2022-11-03,,,,,,,,,,,,,,,,,,,,,,30465.76
2022-11-04,,,,,,,,,,,,,,,,,,,,,,23687.76
2022-11-05,,,,,,,,,,,,,,,,,,,,,,13345.7
2023-01-02,,,,,,0.20631732087401727,,117.0,4225.0,0.020749550452176305,671.0,279.0,70.09408602150538,19556.25,4137.1,0.12793288401743458,223.0,38.37130044843049,8556.8,0.0,619.0,32338.05
2023-01-03,,,,,,0.061823892181760653,,82.0,2827.01,0.009987707751484547,244.0,238.0,83.1303781512605,19785.03,4359.91,0.17846519222448765,91.0,51.043956043956044,4645.0,36.0,411.0,24430.03
2023-01-04,,,,,,-0.06902917536225825,,77.0,2640.75,0.006351694895561095,123.0,195.0,80.60774358974359,15718.51,3827.71,0.19766216316006632,80.0,45.58,3646.4,55.0,352.0,19364.91
2023-01-05,,,,,,0.009341596606765881,,93.0,3089.5,0.0068209600706750076,166.0,231.0,87.20995670995671,20145.5,4460.56,0.18328494971596457,74.0,56.638513513513516,4191.25,224.0,398.0,24336.75
2023-01-06,,,,,,0.04832851117011006,,162.0,5025.51,0.011608666440909179,386.0,337.0,80.06528189910979,26982.0,5704.84,0.17156887217294384,114.0,54.99140350877193,6269.02,169.0,613.0,33251.020000000004
2023-01-07,,,,,,0.37140500499742074,,174.0,5062.0,0.01157797430542818,570.0,461.0,72.68253796095445,33506.65,5145.19,0.10451031160797546,453.0,34.712494481236206,15724.76,129.0,1088.0,49231.41
2023-01-08,,,,,,0.021867430038004034,,125.0,3802.75,0.008423470261092803,218.0,134.0,78.355,10499.57,5283.55,0.20415516650457283,276.0,55.72644927536232,15380.5,146.0,535.0,25880.07
2023-01-09,,,,,,-0.11292176749592248,,71.0,2060.0,0.03294754345313925,389.75,129.0,70.85271317829458,9140.0,3413.36,0.28854862584017293,69.0,38.976956521739126,2689.41,56.0,269.0,11829.41
2023-01-10,,,,,,-0.1518610825804343,,59.0,1660.25,0.010463869325600289,157.0,113.0,80.31424778761063,9075.51,3628.04,0.24180469087930492,134.0,44.242537313432834,5928.5,103.0,306.0,15004.01
2023-01-11,,,,,,0.14011668899294463,,77.0,3064.0,0.014990544954443871,327.0,197.0,74.49111675126903,14674.75,3810.51,0.1746838576585869,133.0,53.67669172932331,7139.0,15.0,407.0,21813.75
2023-01-12,,,,,,-0.1466685412092963,,85.0,2854.5,0.012572080349787719,248.0,182.0,81.55906593406593,14843.75,4366.8,0.2213700019010202,100.0,48.825,4882.5,0.0,367.0,19726.25
2023-01-13,,,,,,-0.05243815113073435,,119.0,3355.5,0.016128180297561405,458.0,286.0,76.77097902097903,21956.5,5074.51,0.17869565982921032,95.0,67.8,6441.0,16.0,500.0,28397.5
2023-01-14,,,,,,0.14958472410627793,,205.0,5438.0,0.01440262650227063,601.0,465.0,59.59569892473118,27712.0,4761.3,0.11410187282073403,344.0,40.74563953488372,14016.5,77.0,1014.0,41728.5
2023-01-15,,,,,,0.43108858508391695,,122.0,3838.5,0.009102556296048682,293.0,216.0,74.68407407407408,16131.76,5618.11,0.17453639096380225,292.0,54.98972602739726,16057.0,0.0,630.0,32188.760000000002
2023-01-16,,,,,,,0.1822082863753006,92.0,3268.2,0.013422710581368633,333.0,263.0,61.91634980988593,16284.0,3582.56,0.14440740546663064,230.0,37.063913043478266,8524.7,265.0,585.0,24808.7
2023-01-17,,,,,,,-0.1333638036160637,76.0,2182.75,0.0,,167.0,78.59736526946108,13125.76,4169.03,0.2138813046819609,83.0,76.70481927710843,6366.5,80.0,326.0,19492.260000000002
2023-01-18,,,,,,,-0.04754168264253444,97.0,2710.0,0.032750576021749744,624.0,163.0,82.31349693251533,13417.1,3723.11,0.19540704662233443,97.0,58.103092783505154,5636.0,172.5,357.0,19053.1
2023-01-19,,,,,,,0.5076266150155173,88.0,2672.0,0.007474889044615744,256.0,174.0,168.04597701149424,29240.0,3926.05,0.11463589114692829,101.0,49.584158415841586,5008.0,47.0,363.0,34248.0
2023-01-20,,,,,,,-0.21213151156730792,116.0,3931.5,0.008397802766673377,219.0,247.0,81.65384615384616,20168.5,4815.01,0.18463700593406385,107.0,55.231308411214954,5909.75,22.5,470.0,26078.25
2023-01-21,,,,,,,0.0947826766396034,144.0,4165.5,0.006488256903829758,250.0,415.0,68.28253012048192,28337.25,4177.64,0.10842240628686141,214.0,47.63504672897196,10193.9,0.0,773.0,38531.15
2023-01-22,,,,,,,-0.04355190511894218,120.0,3947.75,0.009549566884382538,268.0,188.0,77.5186170212766,14573.5,4919.36,0.17529013935953763,237.0,56.92236286919832,13490.6,37.0,545.0,28064.1
2023-01-23,,,,,,,-0.33941530919058605,66.0,2486.75,0.025518691161685404,349.0,142.0,62.91901408450704,8934.5,3030.0,0.2215519605154922,119.0,39.846638655462186,4741.75,190.0,327.0,13676.25
2023-01-24,,,,,,,-0.02173734046932894,78.0,2571.25,0.010340639917274881,215.0,172.0,83.81686046511628,14416.5,3867.8,0.18602570731179435,107.0,59.58177570093458,6375.25,14.0,357.0,20791.75
2023-01-25,,,,,,,-0.30669145329913455,59.0,1385.5,0.014535768130835434,215.0,144.0,77.21597222222222,11119.1,3874.52,0.2619494155269047,85.0,43.2,3672.0,50.5,288.0,14791.1
2023-01-26,,,,,,,-0.19931052574980165,93.0,2735.9,0.021258048759205762,497.0,233.0,64.15442060085837,14947.98,3494.55,0.14947145732692657,201.0,41.94726368159204,8431.4,35.0,527.0,23379.379999999997
2023-01-27,,,,,,,-0.2620797202225131,126.0,4338.0,0.005716249530574659,165.0,241.0,85.33609958506224,20566.0,4895.91,0.16961359538930776,159.0,52.19547169811321,8299.08,13.5,526.0,28865.08
2023-01-28,,,,,,,-0.13713731358707668,195.0,4794.0,0.009025397468476293,315.0,341.0,79.56674486803519,27132.26,5963.48,0.17086595966764764,157.0,49.48566878980892,7769.25,204.0,693.0,34901.509999999995
2023-01-29,,,,,,,-0.17207005776038756,93.0,2751.5,0.0077866546641161246,173.0,146.0,76.16780821917808,11120.5,4681.82,0.21072667941937662,233.0,47.62660944206009,11097.0,12.0,472.0,22217.5
2023-01-30,,,,,,,-0.35648113466676656,76.0,1637.0,0.024290869582088395,313.0,146.0,58.9486301369863,8606.5,2966.7,0.23023553606767294,113.0,37.86725663716814,4279.0,80.0,335.0,12885.5
2023-01-31,,,,,,,-0.15520956436692615,75.0,2391.75,0.009527111566697319,158.0,128.0,84.810546875,10855.75,3600.28,0.2170903115908166,129.0,44.406976744186046,5728.5,107.0,332.0,16584.25
2023-02-01,,,,,,,-0.22758551909843425,78.0,2332.0,0.006743982292723417,117.0,148.0,88.0608108108108,13033.0,3554.76,0.20489947431522643,92.0,46.910869565217396,4315.8,0.0,318.0,17348.8
2023-02-02,,,,,,,-0.21565811051751343,81.0,2610.5,0.012951186976286376,250.0,175.0,80.56857142857143,14099.5,3565.79,0.1847248520326888,110.0,47.30681818181818,5203.75,22.5,366.0,19303.25
2023-02-03,,,,,,,-0.07814145629042368,151.0,3958.26,0.009294322526872815,308.0,301.0,84.00252491694351,25284.76,5026.63,0.15168545598459318,166.0,47.31174698795181,7853.75,19.0,618.0,33138.509999999995
2023-02-04,,,,,,,0.22998272022715044,293.0,6927.5,0.0047572482712727815,335.0,293.0,105.70395904436859,30971.26,5431.9,0.07713700562604961,604.0,65.31059602649006,39447.6,0.0,693.0,70418.86
2023-02-05,,,,,,,0.5427506966568457,138.0,4381.5,0.009957786026017355,481.0,225.0,155.39004444444444,34962.76,4637.02,0.09599678369722037,300.0,44.4705,13341.15,53.0,663.0,48303.91
2023-02-06,,,,,,,-0.17764058384534878,91.0,2927.5,0.01547064528875744,323.0,211.0,66.14454976303317,13956.5,2816.25,0.13488917893022642,159.0,43.533018867924525,6921.75,232.0,461.0,20878.25
2023-02-07,,,,,,,-0.36101233848246383,77.0,2293.0,0.01550835474601268,306.0,178.0,79.83595505617977,14210.8,3899.43,0.1976266135530857,127.0,43.468503937007874,5520.5,57.0,382.0,19731.3
2023-02-08,,,,,,,-0.052857661558331215,93.0,2182.0,0.009339743793846382,220.0,228.0,77.0844298245614,17575.25,3652.91,0.15507837955445175,121.0,49.421487603305785,5980.0,67.0,442.0,23555.25
2023-02-09,,,,,,,-0.15334065935999616,147.0,4085.26,0.016349683709826368,472.0,258.0,85.89848837209303,22161.81,3922.65,0.13587730255158983,111.0,60.42567567567568,6707.25,0.0,516.0,28869.06
2023-02-10,,,,,,,-0.04762409393412742,139.0,4468.0,0.013679017840584548,461.0,317.0,85.94321766561514,27244.0,4995.74,0.14823604465709728,131.0,49.291984732824424,6457.25,34.0,587.0,33701.25
2023-02-11,,,,,,,-0.01903957185872717,146.0,5055.5,0.010699179603875836,454.0,460.0,73.71339130434784,33908.16,4543.74,0.10707993465487839,213.0,40.02347417840375,8525.0,165.5,693.0,42433.16
2023-02-12,,,,,,,-0.09087008891139932,98.0,3753.0,0.0132020741301144,282.0,105.0,64.27152380952381,6748.51,4139.64,0.19380083032619425,292.0,50.04030821917809,14611.77,117.0,495.0,21360.28
2023-02-13,,,,,,,-0.5361641282746906,105.0,2991.5,0.011804478021626373,332.0,263.0,77.45091254752852,20369.59,3862.73,0.13734190177252062,179.0,43.32586592178771,7755.33,9.5,442.0,28124.92
2023-02-14,,,,,,,1.140520196939024,131.0,4493.4,0.007507393517323521,445.0,317.0,164.94132492113565,52286.4,5233.04,0.08828424847616782,129.0,54.174418604651166,6988.5,81.0,1.0,59274.9
2023-02-15,,,,,,,-0.28877535512192015,92.0,2794.0,0.00621187461952268,125.0,206.0,77.64805825242719,15995.5,3469.89,0.1724361729882844,95.0,43.444736842105264,4127.25,39.0,301.0,20122.75
2023-02-16,,,,,,,-0.12706731701014276,122.0,3912.0,0.01683672997400483,455.0,245.0,81.94285714285714,20076.0,4136.16,0.15305364626215343,165.0,42.11060606060606,6948.25,44.0,410.0,27024.25
2023-02-17,,,,,,,0.004184763098062317,163.0,4263.28,0.00940930334758209,349.0,352.0,83.53502840909091,29404.33,4962.24,0.1337857347951454,183.0,42.00338797814208,7686.62,32.0,535.0,37090.950000000004
2023-02-18,,,,,,,-0.115803189166466,237.0,5639.25,0.014355397641052745,622.0,411.0,81.6116788321168,33542.4,4900.73,0.11310599337851512,190.0,51.50657894736842,9786.25,29.0,601.0,43328.65
2023-02-19,,,,,,,-0.014351891323500156,132.0,3975.25,0.01360936508851854,472.0,279.0,78.88082437275986,22007.75,4777.17,0.13774205639813158,274.0,46.25638686131387,12674.25,117.0,685.0,34682.0
2023-02-20,,,,,,,-0.21498325790190234,122.0,3232.5,0.015336733163341833,409.0,243.0,84.2119341563786,20463.5,3832.29,0.1437036898155092,149.0,41.64093959731544,6204.5,19.5,392.0,26668.0
2023-02-21,,,,,,,-0.02006671144233628,108.0,3453.0,0.01601436679819756,486.0,281.0,78.41370106761566,22034.25,4212.75,0.13881589244672174,204.0,40.752450980392155,8313.5,76.0,485.0,30347.75
2023-02-22,,,,,,,-0.22848332907990931,89.0,3273.0,0.014593415762134328,375.0,241.0,82.96377593360997,19994.27,3697.42,0.14388796615261523,112.0,50.91294642857143,5702.25,18.0,353.0,25696.52
2023-02-23,,,,,,,-0.044332296143099546,140.0,4301.56,0.010855756577027972,400.0,395.0,69.25443037974684,27355.5,4172.63,0.11324263891501056,149.0,63.700067114093955,9491.31,0.0,544.0,36846.81
2023-02-24,,,,,,,0.04659177479231407,138.0,4235.5,0.009551319083381474,372.0,348.0,76.41379310344827,26592.0,4670.79,0.11992528403620258,166.0,74.43072289156626,12355.5,69.0,514.0,38947.5
2023-02-25,,,,,,,-0.06114594615136148,156.0,4172.0,0.009385571416862052,371.0,357.0,82.97621848739496,29622.51,4743.09,0.11999086234933756,193.0,51.32772020725388,9906.25,45.0,550.0,39528.759999999995
2023-02-26,,,,,,,0.12995784055792384,123.0,3457.0,0.010428896492759156,353.0,265.0,69.79532075471697,18495.76,4490.37,0.1326617675472831,283.0,54.24911660777385,15352.5,84.0,671.0,33848.259999999995
2023-02-27,,,,,,,-0.19636477060057847,94.0,3238.25,0.01072650929748421,228.0,194.0,82.10438144329896,15928.25,3734.99,0.17571668842548485,111.0,47.9954954954955,5327.5,0.0,399.0,21255.75
2023-02-28,,,,,,,-0.1389605130674604,112.0,3235.0,0.013017705350329858,307.25,219.0,81.74639269406393,17902.46,4205.42,0.1781771145138623,106.0,53.77367924528302,5700.01,64.0,437.0,23602.47
2023-03-01,,,,,,,-0.15950374442946608,88.0,2519.75,0.006500316948078142,141.0,200.0,80.68125,16136.25,3827.96,0.17647484584798018,101.0,55.0,5555.0,39.0,389.0,21691.25
2023-03-02,,,,,,,-0.09560044884790048,105.0,2769.0,0.014323140937893771,474.0,217.0,124.77903225806452,27077.05,4195.28,0.1267712799871877,127.0,47.37204724409449,6016.25,323.0,449.0,33093.3
2023-03-03,,,,,,,-0.22498703335905582,141.0,4518.05,0.011114617490303048,367.7,276.0,87.67572463768116,24198.5,4959.81,0.14992219465482723,184.0,48.28293478260869,8884.06,51.0,460.0,33082.56
2023-03-04,,,,,,,-0.09506525837482467,163.0,4705.01,0.01573151406875446,589.0,372.0,82.96443548387097,30862.77,5409.93,0.14449302191167543,105.0,62.647619047619045,6578.0,163.0,640.0,37440.770000000004
2023-03-05,,,,,,,-0.12437424844414763,129.0,4559.0,0.01432720443796401,446.0,243.0,69.75518518518518,16950.51,4618.62,0.14836751785037966,262.0,54.11862595419847,14179.08,112.0,604.0,31129.589999999997
2023-03-13,,,,,,,0.019531661115595348,91.0,3131.5,0.008124895740317342,207.0,202.0,94.28341584158416,19045.25,3669.13,0.14401593578584818,117.0,54.97435897435897,6432.0,265.0,319.0,25477.25
2023-03-14,,,,,,,-0.24750485516115872,51.0,2719.01,0.012752352353568077,294.0,227.0,67.95488986784142,15425.76,4017.53,0.17426176241847063,164.0,46.51713414634147,7628.81,30.0,391.0,23054.57
2023-03-15,,,,,,,0.04030540783481068,118.0,3126.0,0.010288696228865166,314.0,241.0,76.1208713692946,18345.13,3773.08,0.12363080881275981,171.0,71.19181286549707,12173.8,59.0,412.0,30518.93
2023-03-16,,,,,,,0.15328424265547508,104.0,4143.5,0.016441938124057566,497.0,296.0,81.17314189189189,24027.25,4325.6,0.14310110170910142,111.0,55.85882882882883,6200.33,234.0,407.0,30227.58
2023-03-17,,,,,,,-0.22402459623401375,125.0,3957.5,0.015333887354904431,429.0,272.0,79.27849264705883,21563.75,4600.1,0.16442287930372,104.0,61.66826923076923,6413.5,93.25,376.0,27977.25
2023-03-18,,,,,,,-0.13996243461974361,143.0,4284.0,0.009721928349499427,392.85,349.0,81.17406876790831,28329.75,5100.69,0.1262276764999573,164.0,73.65182926829269,12078.9,33.0,656.0,40408.65
2023-03-19,,,,,,,-0.09719647790525177,125.0,3989.0,0.013657515929999954,453.0,208.0,80.21274038461539,16684.25,4738.57,0.14286334494573924,315.0,52.331111111111106,16484.3,37.5,523.0,33168.55
2023-03-20,,,,,,,0.6104466723709464,121.0,3797.0,0.006583129365689026,311.0,307.0,126.16358306188926,38732.22,3805.46,0.08055252564615743,164.0,51.888719512195124,8509.75,10.0,592.0,47241.97
2023-03-21,,,,,,,0.413312608270322,89.0,2677.5,0.007510766730856193,241.0,251.0,87.9003984063745,22063.0,3927.05,0.12238654145397848,132.0,75.94143939393939,10024.27,97.0,472.0,32087.27
2023-03-22,,,,,,,-0.12534517533608608,90.0,2703.0,0.009382329945269743,237.0,228.0,83.63486842105263,19068.75,3411.98,0.13507308914203145,148.0,41.83445945945946,6191.5,0.0,466.0,25260.25
2023-03-23,,,,,,,-0.1398325880387929,89.0,2699.5,0.017474984180255004,483.0,238.0,84.66600840336133,20150.51,4119.78,0.1490540172383664,132.0,56.734848484848484,7489.0,136.0,459.0,27639.51
2023-03-24,,,,,,,0.06516074166828477,145.0,4607.0,0.014609916487102161,581.0,365.0,84.94523287671232,31005.01,5145.53,0.12939029876399102,159.0,55.11006289308176,8762.5,0.0,669.0,39767.509999999995
2023-03-25,,,,,,,-0.06600585990945006,156.0,4148.5,0.01502502841417551,659.0,331.0,96.96268882175227,32094.65,5152.52,0.1174761144227733,276.0,42.6286231884058,11765.5,119.0,763.0,43860.15
2023-03-26,,,,,,,-0.10978599482105893,116.0,3941.01,0.01755263899641004,496.32,169.0,79.32840236686391,13406.5,2944.34,0.1041282581856261,330.0,45.059363636363635,14869.59,124.0,499.0,28276.09
2023-03-27,,,0.0,19657.0,19657.0,,-0.2758652446998582,87.0,2587.5,0.016787912702853944,330.0,216.0,73.81828703703704,15944.75,3650.4,,71.0,52.28521126760563,3712.25,87.0,287.0,
2023-03-28,,,0.0,18745.5,18745.5,,-0.399899735188211,81.0,2436.5,0.008428689552159184,158.0,168.0,81.03422619047619,13613.75,3589.65,,119.0,43.12394957983193,5131.75,0.0,287.0,
2023-03-29,,,0.0,19347.25,19347.25,,-0.11787301949162202,66.0,3055.0,0.018297174016979157,354.0,186.0,83.48790322580645,15528.75,3585.63,,88.0,43.39204545454545,3818.5,32.0,274.0,
2023-03-30,,,0.0,23233.75,23233.75,,-0.07620202582479299,66.0,3050.5,0.018550599881637705,431.0,246.0,72.38414634146342,17806.5,4202.12,,103.0,52.69174757281554,5427.25,45.0,349.0,
2023-03-31,,,451.0,32836.46,33287.46,,0.015162612019225887,125.0,3792.0,0.01248612061105247,410.0,354.0,78.31483050847457,27723.45,4932.02,,97.0,52.71144329896907,5113.01,27.0,451.0,
2023-04-01,,,0.0,32278.8,32278.8,,-0.17787201528175742,140.0,4129.0,0.00712541978016531,230.0,301.0,82.4078073089701,24804.75,4705.93,,154.0,48.53279220779221,7474.05,294.0,455.0,
2023-04-02,,,0.0,25801.0,25801.0,,-0.10472568539614348,124.0,3941.0,0.015454827332273944,398.75,207.0,77.29227053140097,15999.5,4048.47,,211.0,46.45260663507109,9801.5,16.0,418.0,
2023-04-03,,,0.0,12872.25,12872.25,,-0.4088812127802617,59.0,1858.0,0.00458350327254365,59.0,131.0,68.95610687022901,9033.25,3410.62,,90.0,42.65555555555556,3839.0,0.0,221.0,
2023-04-04,,,0.0,14602.75,14602.75,,-0.28081603143325584,107.0,2654.0,0.006505623940696102,95.0,137.0,78.50729927007299,10755.5,3065.59,,79.0,48.699367088607595,3847.25,78.0,216.0,
2023-04-05,,,0.0,19714.75,19714.75,,0.02392849704711176,77.0,2625.5,0.00623898350220013,123.0,210.0,76.06190476190476,15973.0,4021.52,,79.0,47.36392405063291,3741.75,25.0,289.0,
2023-04-06,,,0.0,22773.15,22773.15,,-0.024850664782580707,83.0,3305.0,0.01203171278457306,274.0,220.0,80.77681818181819,17770.9,4597.95,,88.0,56.84375,5002.25,310.5,308.0,
2023-04-07,,,883.0,36692.83,37575.83,,0.07906980710872487,113.0,4378.05,0.014415622888722402,528.95,374.0,76.09767379679144,28460.53,5207.06,,143.0,57.56853146853146,8232.3,66.0,517.0,
2023-04-08,,,14900.0,34918.25,49818.25,,-0.14869872615347107,135.0,3921.5,0.01320226529107272,461.0,366.0,79.09494535519126,28948.75,5575.91,,142.0,42.0387323943662,5969.5,26.5,508.0,
2023-04-09,,,0.0,36070.009999999995,36070.01,,0.3219236971340612,130.0,4865.0,0.01311338699379346,473.0,213.0,78.15023474178403,16646.0,5579.75,,328.0,59.21954268292682,19424.01,92.0,541.0,
2023-04-10,,,4399.49,17385.75,21785.239999999998,,-0.07393301817697583,97.0,3133.5,0.015760033360654558,274.0,120.0,88.73333333333333,10648.0,3612.02,,117.0,57.587606837606835,6737.75,67.5,237.0,
2023-04-11,,,4267.5,17332.5,21600.0,,-0.217639526029256,77.0,2620.0,0.02013558344151161,349.0,176.0,71.15625,12523.5,3094.96,,109.0,44.11926605504587,4809.0,0.0,285.0,
2023-04-12,,,0.0,16629.5,16629.5,,-0.18194921340797515,70.0,2014.5,0.013890976878438918,231.0,159.0,77.60377358490567,12339.0,3360.78,,94.0,45.6436170212766,4290.5,91.0,253.0,
2023-04-13,,,0.0,19123.75,19123.75,,-0.2362262116340835,110.0,2905.0,0.017517484802928297,335.0,192.0,82.54427083333333,15848.5,3893.49,,65.0,50.38846153846154,3275.25,0.0,257.0,
2023-04-14,,,0.0,28093.75,28093.75,,-0.28750588065224203,132.0,2659.5,0.007546162402669633,212.0,297.0,78.4006734006734,23285.0,4056.0,,98.0,49.06887755102041,4808.75,0.0,395.0,
2023-04-15,,,2025.0,31507.01,33532.009999999995,,-0.19461143663155622,148.0,4158.0,0.01161646249517171,366.0,310.0,81.3476129032258,25217.76,4556.61,,98.0,64.17602040816327,6289.25,159.0,408.0,
2023-04-16,,,0.0,21750.010000000002,21750.01,,-0.3676679313302225,115.0,3593.5,0.00758620340864211,165.0,167.0,73.35934131736528,12251.01,4017.93,,176.0,53.97159090909091,9499.0,46.0,343.0,
2023-04-17,,,0.0,13926.76,13926.76,,-0.36075460439497387,66.0,1838.0,0.016802185145719465,234.0,124.0,83.0383870967742,10296.76,3215.03,,88.0,41.25,3630.0,0.0,212.0,
2023-04-18,,,0.0,12983.75,12983.75,,-0.4179290625491737,78.0,1252.0,0.029960527582555116,389.0,126.0,79.3670634920635,10000.25,3389.88,,48.0,62.15625,2983.5,27.0,174.0,
2023-04-19,,,0.0,14370.599999999999,14370.599999999999,,-0.3454860462722501,75.0,2637.5,0.014473995518628312,208.0,120.0,89.74833333333332,10769.8,3598.71,,76.0,47.37894736842105,3600.8,39.0,196.0,
2023-04-20,,,0.0,22997.25,22997.25,,0.12701232510842664,85.0,3049.0,0.007740055876246073,178.0,228.0,88.28618421052632,20129.25,3882.53,,56.0,51.214285714285715,2868.0,43.0,284.0,
2023-04-21,,,6626.5,27297.96,33924.46,,-0.23830097730776478,128.0,3658.5,0.00710675816068307,194.0,247.0,82.5544939271255,20390.96,4211.59,,140.0,49.33571428571429,6907.0,27.0,387.0,
2023-04-22,,,0.0,31067.36,31067.36,,-0.0017274442565048558,120.0,3759.58,0.007371080130400523,229.0,290.0,84.16675862068966,24408.36,4788.16,,131.0,50.83206106870229,6659.0,115.0,421.0,
2023-04-23,,,0.0,22463.67,22463.67,,-0.17886939357385684,93.0,3858.5,0.01598136012503745,359.0,144.0,68.17534722222223,9817.25,3710.99,,240.0,52.693416666666664,12646.42,16.0,384.0,
2023-04-24,,,4700.0,9415.25,14115.25,,-0.49714316538770487,64.0,2256.5,0.012001805581370649,113.0,46.0,104.7336956521739,4817.75,3095.82,,71.0,64.75352112676056,4597.5,48.0,117.0,
2023-04-25,,,72351.0,13994.5,86345.5,,-0.1562213040177841,69.0,2218.0,0.009003537103862232,126.0,132.0,87.17045454545455,11506.5,2098.77,,53.0,46.943396226415096,2488.0,30.0,185.0,
2023-04-26,,,0.0,22690.0,22690.0,,0.24458340189786626,70.0,2345.5,0.01987659762009696,451.0,143.0,131.43706293706293,18795.5,3384.7,,70.0,55.635714285714286,3894.5,73.0,213.0,
2023-04-27,,,0.0,14202.75,14202.75,,-0.22377043356597487,63.0,2297.5,0.009434792557779303,134.0,81.0,84.67283950617283,6858.5,3285.18,,122.0,60.19877049180328,7344.25,22.5,203.0,
2023-04-28,,,0.0,23531.37,23531.37,,0.04812124181550929,112.0,3415.0,0.010980236169844764,258.38,222.0,82.33558558558559,18278.5,4343.5,,109.0,48.19146788990825,5252.87,13.5,331.0,
2023-04-29,,,0.0,23155.0,23155.0,,-0.06201895811391072,92.0,3592.0,0.011271863528395595,261.0,235.0,81.51446808510639,19155.9,3731.0,,57.0,70.15964912280701,3999.1,252.0,292.0,
2023-04-30,,,0.0,21201.02,21201.02,,-0.06134106656631171,99.0,2993.77,0.012310728446084197,261.0,137.0,77.6114598540146,10632.77,3494.11,,188.0,56.214095744680854,10568.25,177.0,325.0,
2023-05-01,,,0.0,11981.5,11981.5,,0.11696350746025157,61.0,2161.25,0.015607394733547553,187.0,113.0,74.95796460176992,8470.25,2601.24,,59.0,59.51271186440678,3511.25,273.0,172.0,
2023-05-02,,,0.0,12752.25,12752.25,,-0.040949856167860565,65.0,2172.5,0.004469799447156384,57.0,102.0,101.34803921568627,10337.5,3087.84,,51.0,47.34803921568628,2414.75,30.0,153.0,
2023-05-03,,,0.0,17231.25,17231.25,,0.48747221442907396,65.0,1959.25,0.006035545883206384,104.0,170.0,77.96323529411765,13253.75,3049.56,,55.0,72.31818181818181,3977.5,37.5,225.0,
2023-05-04,,,0.0,10788.01,10788.01,,-0.22220547945205477,64.0,1827.0,0.018353709349546395,198.0,104.0,66.9351923076923,6961.26,3058.0,,68.0,56.275735294117645,3826.75,0.0,172.0,
2023-05-05,,,0.0,18723.62,18723.62,,-0.1664220285596626,99.0,2840.5,0.015541866369857967,291.0,183.0,71.11617486338798,13014.26,3588.26,,121.0,47.184793388429746,5709.36,14.0,304.0,
2023-05-06,,,0.0,24528.510000000002,24528.510000000002,,0.09696939882156962,89.0,3931.5,0.018590611496580915,456.0,215.0,79.63953488372093,17122.5,3995.89,,140.0,52.90007142857143,7406.01,0.0,355.0,
2023-05-07,,,0.0,14712.15,14712.15,,-0.6058735282692849,76.0,2294.5,0.01522551088725985,224.0,88.0,80.875,7117.0,3104.86,,151.0,50.29900662251655,7595.15,170.0,239.0,
2023-05-08,,,0.0,7563.75,7563.75,,-0.4493083363669458,62.0,1915.0,0.00436291522062469,33.0,62.0,77.26612903225806,4790.5,2744.92,,81.0,34.23765432098765,2773.25,27.0,143.0,
2023-05-09,,,0.0,11518.0,11518.0,,0.02039369939226428,51.0,1944.5,0.015540892516061817,179.0,96.0,79.14322916666667,7597.75,2492.81,,71.0,55.21478873239437,3920.25,0.0,167.0,
2023-05-10,,,0.0,8751.060000000001,8751.060000000001,,-0.1296322818575673,63.0,2133.5,0.0034281561319428728,30.0,69.0,88.17115942028985,6083.81,2332.72,,46.0,57.983695652173914,2667.25,0.0,115.0,
2023-05-11,,,0.0,11722.83,11722.83,,0.18968210072307495,85.0,2285.5,0.007421416159749821,87.0,113.0,78.9608849557522,8922.58,3264.2,,54.0,51.85648148148148,2800.25,55.0,167.0,
2023-05-12,,,2800.0,28863.1,31663.1,,0.5099356803004897,115.0,4336.35,0.011164774400532169,322.25,202.0,121.84777227722772,24613.25,3823.15,,85.0,49.99823529411765,4249.85,49.0,287.0,
2023-05-13,,,762.0,25472.46,26234.46,,0.132336807216383,111.0,3793.5,0.007969391256282276,203.0,229.0,82.66707423580786,18930.76,4164.95,,123.0,53.18455284552845,6541.7,126.0,352.0,
2023-05-14,,,0.0,34039.259999999995,34039.259999999995,,0.6832644567818388,93.0,3022.5,0.010282244678644602,350.0,250.0,66.86904,16717.26,4272.27,,366.0,47.32786885245902,17322.0,29.0,616.0,
2023-05-15,,,4454.91,7353.5,11808.41,,-0.2907161803713528,54.0,1625.0,0.010199224858910724,75.0,88.0,51.10227272727273,4497.0,2095.0,,77.0,37.0974025974026,2856.5,0.0,114.0,
2023-05-16,,,0.0,7666.0,7666.0,,-0.308318137565832,37.0,1294.5,0.019306026611009653,148.0,92.0,54.516304347826086,5015.5,2542.54,,73.0,36.30821917808219,2650.5,58.0,165.0,
2023-05-17,,,0.0,11729.5,11729.5,,0.20608724711447007,55.0,2068.5,0.01662474956306748,195.0,136.0,65.04779411764706,8846.5,2400.18,,73.0,39.49315068493151,2883.0,142.0,209.0,
2023-05-18,,,0.0,7280.5,7280.5,,-0.24591678517458213,75.0,2121.5,0.01304855435753039,95.0,98.0,46.54081632653061,4561.0,2711.32,,82.0,33.16463414634146,2719.5,0.0,175.0,
2023-05-19,,,0.0,12380.02,12380.02,,-0.21792453426154634,85.0,3079.02,0.011793195810669127,146.0,164.0,51.478658536585364,8442.5,2914.84,,107.0,36.799252336448596,3937.52,243.0,271.0,
2023-05-20,,,0.0,17544.5,17544.5,,-0.2847008459891958,93.0,2973.0,0.011456581834763032,201.0,231.0,58.72186147186147,13564.75,3622.24,,110.0,36.179545454545455,3979.75,57.0,332.0,
2023-05-21,,,0.0,14273.25,14273.25,,-0.19340802170012575,93.0,3114.0,0.011349902790184435,162.0,98.0,71.90561224489795,7046.75,3048.3,,190.0,38.03421052631579,7226.5,0.0,288.0,
2023-05-22,,,0.0,10805.58,10805.58,,0.2691916018205843,54.0,2152.08,0.00916193300128267,99.0,125.0,66.26464,8283.08,2426.73,,65.0,38.80769230769231,2522.5,0.0,190.0,
2023-05-23,,,4407.5,10551.95,14959.45,,-0.3596538764730548,50.0,1771.25,0.01468922805737328,155.0,98.0,63.320918367346934,6205.45,2653.58,,129.0,33.6937984496124,4346.5,18.0,227.0,
2023-05-24,,,4485.52,7632.25,12117.77,,-0.1694371140190984,57.0,1821.5,0.0144125257951456,110.0,83.0,59.00903614457831,4897.75,2664.02,,71.0,38.514084507042256,2734.5,0.0,154.0,
2023-05-25,,,0.0,11350.03,11350.03,,-0.05501071956372411,58.0,2342.75,0.019735630654720736,224.0,126.0,60.52587301587302,7626.26,2928.75,,93.0,40.0405376344086,3723.77,47.0,219.0,
2023-05-26,,,0.0,12060.95,12060.95,,-0.4242158781687115,89.0,2638.2,0.01575331959754414,190.0,176.0,49.79971590909091,8764.75,3552.64,,85.0,38.77882352941176,3296.2,0.0,261.0,
2023-05-27,,,0.0,26417.0,26417.0,,-0.08106791894947386,100.0,3282.75,0.005451035318166333,144.0,343.0,58.10932944606414,19931.5,3587.3,,168.0,38.604166666666664,6485.5,0.0,511.0,
2023-05-28,,,0.0,24605.760000000002,24605.760000000002,,0.007705917043444217,113.0,3154.26,0.017231737609405277,424.0,269.0,52.20817843866171,14044.0,3419.22,,260.0,40.62215384615385,10561.76,182.0,529.0,
2023-05-29,,,0.0,15938.0,15938.0,,0.1486639880362516,105.0,2802.5,0.007152716777512862,114.0,170.0,45.60294117647059,7752.5,2825.82,,224.0,36.542410714285715,8185.5,74.0,394.0,
2023-05-30,,,0.0,6689.63,6689.63,,-0.11306465705258661,49.0,1401.76,0.018386667125087637,123.0,101.0,49.53089108910891,5002.62,2719.0,,49.0,34.42877551020408,1687.01,25.0,150.0,
2023-05-31,,,0.0,6473.99,6473.99,,-0.21655593876686638,60.0,2083.85,0.01266606837514423,82.0,89.0,49.95943820224719,4446.39,2519.3,,55.0,36.86545454545455,2027.6,48.0,144.0,
2023-06-01,,,0.0,7452.01,7452.01,,-0.23995920344730867,63.0,2229.5,0.0072463670875374565,54.0,84.0,51.62809523809524,4336.76,2706.24,,85.0,36.65,3115.25,15.0,169.0,
2023-06-02,,,0.0,10960.15,10960.15,,0.7499002123481231,69.0,1895.0,0.011861151535334827,130.0,157.0,53.02866242038217,8325.5,3009.97,,82.0,32.12987804878049,2634.65,30.0,239.0,
2023-06-03,,,2170.0,17299.510000000002,19469.510000000002,,-0.031246815063698613,102.0,4266.0,0.0052024594916272185,90.0,221.0,58.64371040723982,12960.26,2730.33,,88.0,49.30965909090909,4339.25,133.0,309.0,
2023-06-04,,,0.0,12576.0,12576.0,,0.16538862504343796,75.0,2171.0,0.014392493638676845,181.0,98.0,55.160714285714285,5405.75,2559.63,,171.0,41.9312865497076,7170.25,19.0,269.0,
2023-06-05,,,1693.79,4692.0,6385.79,,-0.4781883393110351,53.0,1454.5,0.020034100596760442,94.0,66.0,45.36363636363637,2994.0,1764.87,,56.0,30.321428571428573,1698.0,0.0,122.0,
2023-06-06,,,0.0,5592.17,5592.17,,-0.02825144445892522,47.0,1166.5,0.01582569914720046,88.5,75.0,46.126666666666665,3459.5,2020.27,,64.0,33.32296875,2132.67,0.0,139.0,
2023-06-07,,,0.0,5987.95,5987.95,,-0.16567623564687806,44.0,1840.7,0.012525154685660369,75.0,66.0,57.47272727272727,3793.2,2232.97,,53.0,41.410377358490564,2194.75,83.0,119.0,
2023-06-08,,,0.0,7271.05,7271.05,,-0.3072082810479749,65.0,2221.0,0.046692018346731215,339.5,101.0,51.90594059405941,5242.5,2278.74,,67.0,30.27686567164179,2028.55,0.0,168.0,
2023-06-09,,,0.0,12781.26,12781.26,,0.0660155549531892,70.0,2510.01,0.0032078214510932413,41.0,161.0,63.36496894409938,10201.76,2189.68,,75.0,34.39333333333333,2579.5,67.0,277.0,
2023-06-10,,,0.0,11357.49,11357.49,,-0.23798299977657772,84.0,2663.75,0.01628881029171058,185.0,122.0,53.98352459016393,6585.99,2569.28,,150.0,31.81,4771.5,0.0,272.0,
2023-06-11,,,0.0,13119.32,13119.32,,-0.12227855452123572,81.0,2932.0,0.015930703725497968,209.0,108.0,59.300925925925924,6404.5,2627.96,,182.0,36.894615384615385,6714.82,0.0,290.0,
2023-06-12,,,115.0,7050.75,7165.75,,0.19844473717758043,38.0,1666.5,0.011913626209977662,84.0,76.0,56.421052631578945,4288.0,1325.25,,73.0,36.27054794520548,2647.75,25.0,149.0,
2023-06-13,,,0.0,13372.0,13372.0,,0.5407304989054038,52.0,1423.5,0.0071791803769069695,96.0,101.0,101.04455445544555,10205.5,2469.47,,67.0,47.26119402985075,3166.5,0.0,168.0,
2023-06-14,,,0.0,7420.7,7420.7,,-0.18029581681008294,58.0,2188.5,0.013745333998140338,102.0,86.0,52.93255813953488,4552.2,2367.53,,79.0,36.31012658227848,2868.5,70.0,165.0,
2023-06-15,,,0.0,9430.0,9430.0,,-0.05615148018068245,63.0,1545.25,0.01664899257688229,157.0,146.0,48.21061643835616,7038.75,2410.97,,77.0,31.055194805194805,2391.25,124.0,223.0,
2023-06-16,,,2843.99,10412.16,13256.15,,0.03657731650862389,68.0,2876.75,0.012615057778597331,131.35,126.0,64.93579365079366,8181.91,2527.57,,65.0,34.31153846153846,2230.25,142.65,191.0,
2023-06-17,,,4832.5,11757.119999999999,16589.62,,-0.11981134194272888,82.0,2198.62,0.01632032334449253,191.88,145.0,51.14565517241379,7416.12,2629.35,,108.0,40.19444444444444,4341.0,89.0,253.0,
2023-06-18,,,0.0,14647.01,14647.01,,-0.17264891123224219,65.0,2303.0,0.007919705113876484,116.0,97.0,58.1959793814433,5645.01,2321.35,,222.0,40.549549549549546,9002.0,0.0,319.0,
2023-06-19,,,0.0,6762.25,6762.25,,-0.20133106567929226,48.0,1978.75,0.010499463935820179,71.0,73.0,41.27054794520548,3012.75,1620.96,,84.0,44.63690476190476,3749.5,20.5,157.0,
2023-06-20,,,0.0,5378.0,5378.0,,-0.3719674189122121,55.0,1967.0,0.007065823726292302,38.0,77.0,44.06818181818182,3393.25,2114.72,,53.0,37.448113207547166,1984.75,0.0,130.0,
2023-06-21,,,2340.0,5951.15,8291.15,,-0.7292040455923166,54.0,2041.25,0.00756156373137965,45.0,84.0,40.330357142857146,3387.75,2291.53,,63.0,40.68888888888889,2563.4,14.0,147.0,
2023-06-22,,,807.36,8258.76,9066.12,,0.2954917647058824,54.0,1776.01,0.019736619056613825,163.0,103.0,54.79621359223301,5644.01,2438.68,,71.0,36.82746478873239,2614.75,0.0,174.0,
2023-06-23,,,0.0,9535.5,9535.5,,-0.2577644586284736,71.0,2596.25,0.016255046929893557,155.0,133.0,55.75375939849624,7415.25,2472.35,,67.0,31.645522388059703,2120.25,0.0,200.0,
2023-06-24,,,0.0,18699.059999999998,18699.059999999998,,0.2146774187262004,101.0,3334.0,0.015893847070387497,297.2,270.0,51.62611111111111,13939.05,3181.21,,135.0,35.25933333333334,4760.01,57.0,405.0,
2023-06-25,,,0.0,11941.01,11941.01,,-0.032450674553336285,87.0,3000.01,0.00879322603364372,105.0,74.0,40.175810810810816,2973.01,2639.78,,204.0,43.96078431372549,8968.0,0.0,278.0,
2023-06-26,,,0.0,5210.5,5210.5,,-0.43284914255236934,53.0,1445.0,0.017656654831590058,92.0,99.0,38.0959595959596,3771.5,1931.69,,43.0,33.46511627906977,1439.0,0.0,142.0,
2023-06-27,,,0.0,5215.76,5215.76,,-0.39158846344521886,50.0,1409.51,0.0074773379143212105,39.0,59.0,48.245932203389835,2846.51,2222.13,,62.0,38.21370967741935,2369.25,116.0,121.0,
2023-06-28,,,0.0,5898.0,5898.0,,-0.2071514988573733,56.0,1975.0,0.015089860969820278,89.0,63.0,48.52777777777778,3057.25,1937.42,,83.0,34.225903614457835,2840.75,55.0,146.0,
2023-06-29,,,12125.0,7810.75,19935.75,,0.1777278518708393,46.0,1424.0,0.017027814230387607,133.0,87.0,48.12068965517241,4186.5,2248.36,,91.0,39.82692307692308,3624.25,0.0,178.0,
2023-06-30,,,2425.0,12682.75,15107.75,,0.0258717614799117,65.0,2496.5,0.01025014291064635,130.0,141.0,63.37056737588652,8935.25,2821.24,,97.0,38.634020618556704,3747.5,73.0,238.0,
2023-07-01,,,0.0,15652.05,15652.05,,-0.06542371363317465,85.0,3088.25,0.018240422181120045,285.5,195.0,53.855384615384615,10501.8,2705.73,,125.0,41.202,5150.25,0.0,320.0,
2023-07-02,,,0.0,16693.309999999998,16693.309999999998,,0.010490920096852159,95.0,3263.01,0.01401759147826285,234.0,167.0,52.41802395209581,8753.81,3007.71,,215.0,36.92790697674418,7939.5,19.0,382.0,
2023-07-03,,,0.0,12722.02,12722.02,,-0.2646252467478417,84.0,2611.5,0.010768730123046497,137.0,157.0,52.07656050955414,8176.02,2439.19,,141.0,32.241134751773046,4546.0,0.0,298.0,
2023-07-04,,,0.0,13400.5,13400.5,,1.2548376240955745,78.0,2937.25,0.018059027648222082,242.0,112.0,51.950892857142854,5818.5,3264.22,,198.0,38.292929292929294,7582.0,0.0,310.0,
2023-07-05,,,0.0,6228.5,6228.5,,-0.05271402716308502,81.0,1847.0,0.012683631693024002,79.0,55.0,72.44090909090909,3984.25,2000.86,,56.0,40.075892857142854,2244.25,7.0,111.0,
2023-07-06,,,0.0,5620.49,5620.49,,-0.4160984858322728,42.0,1258.0,0.016012838738259476,90.0,68.0,52.389558823529406,3562.49,2431.99,,56.0,36.75,2058.0,151.99,124.0,
2023-07-07,,,0.0,7619.5,7619.5,,-0.46545467045783795,49.0,1470.0,0.008924470109587244,68.0,116.0,48.98706896551724,5682.5,2774.02,,58.0,33.39655172413793,1937.0,0.0,174.0,
2023-07-08,,,19616.73,9615.61,29232.34,,-0.44581810846637077,72.0,2019.01,0.021631492957805067,208.0,117.0,55.086410256410254,6445.11,2547.94,,110.0,28.822727272727274,3170.5,30.0,227.0,
2023-07-09,,,0.0,9487.25,9487.25,,-0.06319675805696706,72.0,2529.0,0.016021502542886507,152.0,84.0,54.36309523809524,4566.5,2327.78,,137.0,35.917883211678834,4920.75,0.0,221.0,
2023-07-10,,,0.0,6746.25,6746.25,,0.029411764705882353,42.0,1235.75,0.0044469149527515284,30.0,83.0,48.19277108433735,4000.0,1869.84,,70.0,39.232142857142854,2746.25,0.0,153.0,
2023-07-11,,,0.0,5823.25,5823.25,,-0.29700779378814807,50.0,1790.0,0.005151762332031082,30.0,67.0,51.485074626865675,3449.5,1862.4,,60.0,39.5625,2373.75,0.0,127.0,
2023-07-12,,,0.0,6336.75,6336.75,,-0.06295748613678373,54.0,1561.0,0.019726200339290647,125.0,79.0,43.68037974683544,3450.75,1921.41,,85.0,33.95294117647059,2886.0,0.0,164.0,
2023-07-13,,,0.0,6456.74,6456.74,,-0.6442469489517618,62.0,1944.49,0.013319415060851141,86.0,90.0,42.96944444444444,3867.25,2425.42,,70.0,36.992714285714285,2589.49,20.0,160.0,
2023-07-14,,,0.0,14848.58,14848.58,,0.12469219495014142,74.0,2627.5,0.006397918184769183,95.0,131.0,90.10748091603054,11804.08,2760.18,,76.0,40.05921052631579,3044.5,72.0,174.0,
2023-07-15,,,2807.5,10571.26,13378.76,,-0.19025201072386058,73.0,1549.75,0.016365125822276626,173.0,138.0,50.47833333333333,6966.01,2939.67,,99.0,36.416666666666664,3605.25,45.0,237.0,
2023-07-16,,,0.0,11826.75,11826.75,,-0.07393704486727742,80.0,2007.5,0.014881518591328979,176.0,140.0,45.17142857142857,6324.0,2525.45,,139.0,39.58812949640288,5502.75,0.0,279.0,
2023-07-17,,,0.0,4008.25,4008.25,,-0.21483839373163566,38.0,1076.5,0.026195970810203955,105.0,50.0,52.74,2637.0,1956.07,,51.0,26.887254901960784,1371.25,0.0,101.0,
2023-07-18,,,0.0,11980.25,11980.25,,0.6787290688712955,44.0,1293.5,0.006510715552680453,78.0,63.0,46.78968253968254,2947.75,1850.11,,60.0,150.54166666666666,9032.5,0.0,123.0,
2023-07-19,,,0.0,5846.51,5846.51,,-0.20566960585845684,50.0,1581.01,0.04241846845382972,248.0,68.0,48.94117647058823,3328.0,2124.28,,70.0,35.97871428571429,2518.51,53.0,138.0,
2023-07-20,,,0.0,4989.0,4989.0,,-0.5395371374512564,26.0,653.0,0.023050711565443978,115.0,53.0,60.72641509433962,3218.5,2345.75,,46.0,38.48913043478261,1770.5,0.0,99.0,
2023-07-21,,,0.0,10164.25,10164.25,,-0.015974054263378272,66.0,1965.5,0.04879848488575153,496.0,124.0,52.49193548387097,6509.0,2679.22,,99.0,36.92171717171717,3655.25,164.0,223.0,
2023-07-22,,,0.0,12239.5,12239.5,,0.1589744172459409,75.0,2423.0,0.022141427345888313,271.0,145.0,61.060344827586206,8853.75,3001.46,,87.0,38.916666666666664,3385.75,0.0,232.0,
2023-07-23,,,0.0,7825.0,7825.0,,-0.25341093407117643,61.0,2315.5,0.02389776357827476,187.0,67.0,55.582089552238806,3724.0,2537.15,,126.0,32.54761904761905,4101.0,47.0,193.0,
2023-07-24,,,169.0,7378.5,7547.5,,0.131843638834731,49.0,3076.0,0.013281832350748797,98.0,74.0,54.00675675675676,3996.5,1795.58,,49.0,69.0204081632653,3382.0,0.0,123.0,
2023-07-25,,,114.0,4714.5,4828.5,,-0.3193286410395236,27.0,1008.5,0.010181355392936684,48.0,53.0,52.179245283018865,2765.5,1889.72,,52.0,37.48076923076923,1949.0,0.0,105.0,
2023-07-26,,,0.0,4858.25,4858.25,,-0.4996910560733227,53.0,1332.0,0.012350126074203674,60.0,61.0,43.17213114754098,2633.5,2046.37,,65.0,34.22692307692308,2224.75,0.0,126.0,
2023-07-27,,,0.0,4784.85,4784.85,,-0.4335612181479179,47.0,1435.85,0.016928430358318442,81.0,68.0,51.03455882352941,3470.35,2181.1,,46.0,28.57608695652174,1314.5,62.5,114.0,
2023-07-28,,,0.0,13451.0,13451.0,,0.08637887170375157,80.0,2438.0,0.002230317448516839,30.0,157.0,61.652866242038215,9679.5,2775.45,,108.0,34.9212962962963,3771.5,139.0,265.0,
2023-07-29,,,4838.0,13602.55,18440.55,,-0.08655731584149913,63.0,1736.25,0.0071310158756997775,97.0,162.0,61.33024691358025,9935.5,3113.12,,102.0,35.951470588235296,3667.05,0.0,264.0,
2023-07-30,,,0.0,10055.75,10055.75,,-0.015517536774604107,80.0,2919.25,0.012331253263058449,124.0,98.0,45.98979591836735,4507.0,2401.97,,136.0,40.799632352941174,5548.75,16.0,234.0,
2023-07-31,,,0.0,5570.25,5570.25,,0.2573218215676316,47.0,1183.0,0.012566760917373547,70.0,99.0,44.41919191919192,4397.5,1778.38,,36.0,32.576388888888886,1172.75,0.0,135.0,
2023-08-01,,,425.0,5659.0,6084.0,,0.06839301155050091,51.0,1375.75,0.017670966601873124,100.0,85.0,47.726470588235294,4056.75,1944.43,,56.0,28.611607142857142,1602.25,78.0,141.0,
2023-08-02,,,0.0,5732.0,5732.0,,-0.3386217440216921,49.0,1591.5,0.009595254710397768,55.0,76.0,46.76973684210526,3554.5,2025.3,,47.0,46.329787234042556,2177.5,0.0,123.0,
2023-08-03,,,0.0,9180.75,9180.75,,-0.00810307106393323,54.0,1239.0,0.014051139612776735,129.0,77.0,69.53896103896103,5354.5,2536.69,,78.0,49.05448717948718,3826.25,0.0,155.0,
2023-08-04,,,0.0,14475.5,14475.5,,0.26412540389485634,94.0,3330.25,0.011053158785534178,160.0,195.0,63.666666666666664,12415.0,2982.58,,61.0,33.778688524590166,2060.5,0.0,256.0,
2023-08-05,,,0.0,16216.6,16216.6,,-0.05159149060603843,71.0,2083.5,0.015724627850474206,255.0,216.0,60.3962962962963,13045.6,2978.28,,78.0,40.65384615384615,3171.0,13.5,294.0,
2023-08-06,,,0.0,12136.36,12136.36,,-0.03430210583690407,85.0,2599.0,0.015985023516111915,194.0,132.0,39.85795454545455,5261.25,2672.17,,170.0,40.441823529411764,6875.11,0.0,302.0,
2023-08-07,,,0.0,6420.51,6420.51,,0.26485595183685057,55.0,1386.5,0.02492013874287245,160.0,93.0,43.56720430107527,4051.75,1887.52,,70.0,33.83942857142858,2368.76,10.0,163.0,
2023-08-08,,,0.0,4388.5,4388.5,,1.5012824166429182,29.0,645.5,0.025065512133986556,110.0,51.0,48.372549019607845,2467.0,2022.01,,56.0,34.3125,1921.5,0.0,107.0,
2023-08-09,,,0.0,9604.970000000001,9604.970000000001,,0.096864704370914,62.0,1835.0,0.03217084488551239,309.0,116.0,53.26741379310345,6179.02,2149.62,,67.0,51.133582089552235,3425.95,0.0,183.0,
2023-08-10,,,0.0,12431.5,12431.5,,0.13998165978908758,73.0,2229.0,0.008446285645336444,105.0,189.0,55.66534391534392,10520.75,2410.66,,57.0,33.521929824561404,1910.75,8.0,246.0,
2023-08-11,,,370.0,15819.75,16189.75,,0.42504222497466504,87.0,2972.5,0.00455127293414877,72.0,187.0,69.81417112299465,13055.25,2837.75,,82.0,33.71341463414634,2764.5,0.0,269.0,
2023-08-12,,,2075.0,16549.25,18624.25,,0.14480146651909243,81.0,3130.5,0.005559164312582141,92.0,150.0,80.98833333333333,12148.25,3016.01,,107.0,41.13084112149533,4401.0,0.0,257.0,
2023-08-13,,,0.0,9148.5,9148.5,,-0.06255763910236704,59.0,2111.5,0.04197409411378915,384.0,70.0,57.875,4051.25,2434.85,,137.0,37.206204379562045,5097.25,0.0,207.0,
2023-08-14,,,0.0,4754.51,4754.51,,-0.31471461516287114,38.0,829.51,0.012198943739733431,58.0,69.0,40.724782608695655,2810.01,2144.79,,60.0,32.40833333333333,1944.5,10.0,129.0,
2023-08-15,,,0.0,12658.0,12658.0,,0.5718853807705442,5615.0,1828.25,0.0011850213303839468,15.0,70.0,146.0857142857143,10226.0,2278.13,,70.0,34.74285714285714,2432.0,0.0,140.0,
2023-08-16,,,0.0,8316.75,8316.75,,0.23083468995116177,34.0,806.25,0.01647278083385938,137.0,118.0,59.110169491525426,6975.0,2452.49,,44.0,30.494318181818183,1341.75,21.0,162.0,
2023-08-17,,,0.0,8258.5,8258.5,,0.06588797108931337,43.0,1218.0,0.016588968941090996,137.0,104.0,68.97596153846153,7173.5,2775.59,,31.0,35.0,1085.0,0.0,135.0,
2023-08-18,,,0.0,13924.0,13924.0,,0.30946503218646987,67.0,3085.5,0.007038207411663315,98.0,149.0,76.43288590604027,11388.5,3149.92,,63.0,40.24603174603175,2535.5,0.0,212.0,
2023-08-19,,,2847.5,17269.33,20116.83,,0.4751285555650467,70.0,1960.0,0.012160286473186857,210.0,202.0,63.67613861386138,12862.58,3673.61,,101.0,43.631188118811885,4406.75,0.0,303.0,
2023-08-20,,,0.0,12951.65,12951.65,,0.20226033278410802,70.0,2550.5,0.014901576247041883,193.0,122.0,52.85983606557377,6448.9,2808.84,,125.0,52.022,6502.75,0.0,247.0,
2023-08-21,,,0.0,5307.0,5307.0,,0.0853870538909909,50.0,1900.75,0.005652911249293386,30.0,47.0,50.255319148936174,2362.0,2171.07,,92.0,32.01086956521739,2945.0,0.0,139.0,
2023-08-22,,,0.0,6880.75,6880.75,,-0.5560161958994048,39.0,1360.5,0.007266649711150674,50.0,61.0,72.11475409836065,4399.0,2154.67,,60.0,41.3625,2481.75,3.5,121.0,
2023-08-23,,,0.0,7802.75,7802.75,,-0.0036074575405439916,50.0,1810.0,0.012175194642914357,95.0,75.0,64.67333333333333,4850.5,2340.61,,78.0,37.84935897435897,2952.25,0.0,153.0,
2023-08-24,,,0.0,9439.75,9439.75,,0.2880173013685547,60.0,1519.75,0.012924071082390954,122.0,107.0,63.02803738317757,6744.0,2934.92,,61.0,44.192622950819676,2695.75,0.0,168.0,
2023-08-25,,,0.0,13524.75,13524.75,,0.2574436929084443,72.0,2308.25,0.025878482042181926,350.0,147.0,68.77551020408163,10110.0,3249.09,,79.0,43.2246835443038,3414.75,0.0,226.0,
2023-08-26,,,5245.0,17325.5,22570.5,,0.29495687712503216,75.0,2670.0,0.01391013246370956,241.0,201.0,65.86442786069652,13238.75,3362.09,,104.0,39.29567307692308,4086.75,25.0,305.0,
2023-08-27,,,0.0,8089.35,8089.35,,-0.13389793307244688,76.0,2775.1,0.00605734700563086,49.0,88.0,41.37045454545454,3640.6,2487.73,,117.0,38.02350427350427,4448.75,0.0,205.0,
2023-08-28,,,0.0,3068.75,3068.75,,-0.4174181300427148,24.0,712.0,0.004887983706720978,15.0,33.0,50.63636363636363,1671.0,2018.6,,32.0,43.6796875,1397.75,0.0,65.0,
2023-08-29,,,0.0,602.0,602.0,,-0.9025968772753014,14.0,294.0,0.0,0.0,6.0,25.5,153.0,1014.75,,17.0,26.41176470588235,449.0,0.0,23.0,
2023-08-30,,,0.0,3415.75,3415.75,,-0.4490059281364681,31.0,952.25,0.01727292688282222,59.0,29.0,31.25862068965517,906.5,1387.17,,54.0,46.467592592592595,2509.25,0.0,83.0,
2023-08-31,,,0.0,9014.0,9014.0,,0.07588100140244085,41.0,1311.25,0.013201686265808742,119.0,80.0,89.784375,7182.75,2763.43,,44.0,41.61931818181818,1831.25,35.0,124.0,
2023-09-01,,,0.0,12945.0,12945.0,,-0.03151666958446119,49.0,1935.0,0.007261490923136346,94.0,123.0,83.02439024390245,10212.0,3149.76,,68.0,40.19117647058823,2733.0,0.0,191.0,
2023-09-02,,,0.0,22695.58,22695.58,,0.32314603964148,121.0,3848.8,0.014628399009851255,332.0,282.0,64.01624113475178,18052.58,3584.04,,127.0,36.55905511811024,4643.0,231.0,409.0,
2023-09-03,,,0.0,15873.75,15873.75,,-0.08901132010502302,84.0,2612.5,0.011024490117332074,175.0,154.0,60.20454545454545,9271.5,3348.87,,164.0,40.25762195121951,6602.25,0.0,318.0,
2023-09-04,,,0.0,7872.849999999999,7872.849999999999,,-0.3386382728494624,73.0,2267.6,0.019941952406053717,157.0,67.0,51.099999999999994,3423.7,2190.66,,116.0,38.35474137931034,4449.15,0.0,183.0,
2023-09-05,,,0.0,8238.75,8238.75,,0.8820673900628212,33.0,3383.5,0.012137763617053559,100.0,54.0,107.36111111111111,5797.5,1994.42,,68.0,35.900735294117645,2441.25,0.0,122.0,
2023-09-06,,,0.0,7734.5,7734.5,,0.6316512280894206,37.0,934.0,0.009955394660288318,77.0,88.0,77.95170454545455,6859.75,2062.54,,28.0,31.241071428571427,874.75,0.0,116.0,
2023-09-07,,,0.0,7570.0,7570.0,,-0.05487823910207192,41.0,1530.5,0.019682959048877145,149.0,75.0,77.4,5805.0,2394.06,,46.0,38.369565217391305,1765.0,0.0,121.0,
2023-09-08,,,0.0,16567.6,16567.6,,0.597454501627094,78.0,2224.75,0.015753639633984403,261.0,198.0,68.23106060606061,13509.75,3386.78,,80.0,38.223124999999996,3057.85,90.1,278.0,
2023-09-09,,,2075.0,17537.0,19612.0,,-0.032670869807438746,67.0,2208.25,0.010035924046302104,176.0,132.0,112.22916666666667,14814.25,3191.56,,77.0,35.36038961038961,2722.75,0.0,209.0,
2023-09-10,,,0.0,8607.0,8607.0,,-0.1595342138027,65.0,2099.25,0.008946206576042755,77.0,91.0,48.84065934065934,4444.5,2548.31,,97.0,42.91237113402062,4162.5,23.0,188.0,
2023-09-11,,,3964.38,3817.45,7781.83,,-0.4256018657839302,34.0,1094.75,0.01309774849703336,50.0,56.0,40.732142857142854,2281.0,1944.02,,50.0,30.729,1536.45,0.0,106.0,
2023-09-12,,,0.0,6600.25,6600.25,,0.10663536907406632,49.0,1403.0,0.00818150827620166,54.0,91.0,49.25824175824176,4482.5,2031.58,,63.0,33.61507936507937,2117.75,0.0,154.0,
2023-09-13,,,0.0,9821.0,9821.0,,0.3098596245540329,45.0,1476.5,0.011607779248549027,114.0,123.0,60.1260162601626,7395.5,2519.63,,64.0,37.8984375,2425.5,70.5,187.0,
2023-09-14,,,0.0,8976.0,8976.0,,-0.17760776948096568,51.0,1785.5,0.016042780748663103,144.0,94.0,66.48404255319149,6249.5,3001.96,,86.0,31.703488372093023,2726.5,0.0,180.0,
2023-09-15,,,0.0,14017.96,14017.96,,-0.07267771853459119,64.0,1937.4,0.01312601833647692,184.0,170.0,66.91799999999999,11376.06,3319.49,,77.0,34.31038961038961,2641.9,115.0,247.0,
2023-09-16,,,2807.5,18577.760000000002,21385.260000000002,,-0.09943564939100347,81.0,2617.0,0.01458733453333448,271.0,209.0,75.94622009569377,15872.76,3349.14,,73.0,37.054794520547944,2705.0,0.0,282.0,
2023-09-17,,,0.0,10251.75,10251.75,,-0.11232574248852714,64.0,2125.0,0.008583900309703222,88.0,73.0,71.07191780821918,5188.25,2642.77,,127.0,39.87007874015748,5063.5,15.0,200.0,
2023-09-18,,,1699.02,5704.25,7403.27,,-0.35858656846484693,39.0,1586.0,0.002629618267081562,15.0,61.0,60.778688524590166,3707.5,2127.59,,47.0,42.484042553191486,1996.75,128.25,108.0,
2023-09-19,,,1966.0,4145.75,6111.75,,-0.5962853283812168,46.0,1712.0,0.006030271965265633,25.0,43.0,45.18604651162791,1943.0,1701.21,,51.0,43.19117647058823,2202.75,10.0,94.0,
2023-09-20,,,0.0,9215.380000000001,9215.380000000001,,0.017543201015845087,39.0,1089.0,0.00531719798857996,49.0,79.0,101.39721518987342,8010.38,2342.5,,43.0,28.023255813953487,1205.0,0.0,122.0,
2023-09-21,,,166.0,6607.25,6773.25,,-0.1353181743824636,39.0,957.0,0.013167354042907413,87.0,99.0,58.08080808080808,5750.0,2594.86,,29.0,29.560344827586206,857.25,77.0,128.0,
2023-09-22,,,0.0,14455.76,14455.76,,-0.08212734615091563,57.0,2036.75,0.006087538808059901,88.0,173.0,72.88878612716763,12609.76,3286.78,,65.0,28.4,1846.0,0.0,238.0,
2023-09-23,,,0.0,17984.420000000002,17984.420000000002,,-0.05849359351891832,68.0,1862.71,0.010164353368081929,182.8,241.0,63.006016597510374,15184.45,3415.98,,61.0,45.9011475409836,2799.97,0.0,302.0,
2023-09-24,,,0.0,7792.25,7792.25,,-0.32487870386414835,56.0,1809.5,0.019249895729731462,150.0,61.0,56.85245901639344,3468.0,2267.92,,122.0,35.44467213114754,4324.25,0.0,183.0,
2023-09-25,,,2107.02,4334.25,6441.27,,-0.2635089209855565,35.0,1092.8,0.00415296764146046,18.0,48.0,48.9375,2349.0,1783.6,,50.0,39.705,1985.25,0.0,98.0,
2023-09-26,,,0.0,14402.5,14402.5,,4.287455486618452,58.0,2071.5,0.0054851588265926055,79.0,99.0,121.8030303030303,12058.5,2163.8,,53.0,44.22641509433962,2344.0,0.0,152.0,
2023-09-27,,,0.0,9370.5,9370.5,,937049.0,47.0,1386.0,0.008537431300357504,80.0,104.0,72.71875,7562.75,2438.81,,52.0,34.76442307692308,1807.75,24.0,156.0,
2023-09-28,,,0.0,8974.15,8974.15,,897413.9999999999,62.0,2125.15,0.012591721778664276,113.0,93.0,68.48924731182795,6369.5,3035.85,,64.0,40.69765625,2604.65,30.0,157.0,
2023-09-29,,,0.0,16517.010000000002,16517.010000000002,,1651700.0000000002,71.0,4181.5,0.008233935803150811,136.0,163.0,87.21171779141105,14215.51,1990.32,,66.0,34.871212121212125,2301.5,25.0,229.0,
2023-09-30,,,11590.0,8978.25,20568.25,,897824.0,64.0,1923.25,0.00668281680728427,60.0,89.0,76.92696629213484,6846.5,2859.66,,56.0,38.066964285714285,2131.75,124.0,145.0,
2023-10-01,,,0.0,7076.5,7076.5,,707649.0,54.0,1998.5,0.01738147389246096,123.0,62.0,54.895161290322584,3403.5,2589.25,,113.0,32.50442477876106,3673.0,0.0,175.0,
2023-10-02,,,6642.42,5950.5,12592.92,,595049.0,53.0,1528.25,0.008570708343836652,51.0,73.0,52.113013698630134,3804.25,1839.34,,67.0,32.03358208955224,2146.25,0.0,140.0,
2023-10-03,,,1665.0,6710.5,8375.5,,0.1370356250264752,45.0,1652.0,0.04306683555621787,289.0,63.0,61.095238095238095,3849.0,2215.16,,43.0,66.54651162790698,2861.5,0.0,106.0,
2023-10-04,,,0.0,15949.0,15949.0,,1.3514061405771995,44.0,1344.25,0.007335883127468807,117.0,93.0,147.55376344086022,13722.5,2758.2,,59.0,37.73728813559322,2226.5,135.5,152.0,
2023-10-05,,,0.0,8822.75,8822.75,,0.5536292878777206,45.0,1452.25,0.015414694964721884,136.0,94.0,59.3936170212766,5583.0,2614.0,,61.0,53.11065573770492,3239.75,0.0,155.0,
2023-10-06,,,0.0,14736.5,14736.5,,0.08564086810014136,82.0,3113.0,0.016828962100905915,248.0,186.0,61.306451612903224,11403.0,3857.98,,80.0,41.66875,3333.5,0.0,266.0,
2023-10-07,,,0.0,19906.55,19906.55,,0.43271753947313485,88.0,2374.8,0.014668538747296745,292.0,218.0,70.99220183486239,15476.3,3939.81,,124.0,35.72782258064516,4430.25,0.0,342.0,
2023-10-08,,,0.0,10714.45,10714.45,,-0.07119606440846926,74.0,2345.2,0.006159905548114929,66.0,97.0,48.85,4738.45,3282.7,,168.0,35.57142857142857,5976.0,39.0,265.0,
2023-10-09,,,0.0,0.0,0.0,,-1.0,0.0,0.0,,0.0,0.0,,0.0,0.0,,0.0,,0.0,0.0,0.0,
2023-10-10,,,0.0,6776.0,6776.0,,-0.16103830177115508,42.0,2399.0,0.02139905548996458,145.0,80.0,59.69375,4775.5,2456.9,,47.0,42.56382978723404,2000.5,0.0,127.0,
2023-10-11,,,0.0,6730.0,6730.0,,-0.11833329621512148,57.0,1757.75,0.02421991084695394,163.0,62.0,65.64516129032258,4070.0,2855.32,,71.0,37.46478873239437,2660.0,0.0,133.0,
2023-10-12,,,8128.22,8719.0,16847.22,,0.22980358968934025,66.0,1636.0,0.011813281339603165,103.0,97.0,62.608247422680414,6073.0,3288.94,,66.0,40.09090909090909,2646.0,0.0,163.0,
2023-10-13,,,0.0,16473.75,16473.75,,0.28652424667215937,66.0,2958.75,0.01845360042491843,304.0,168.0,81.875,13755.0,3926.76,,69.0,39.40217391304348,2718.75,37.0,237.0,
2023-10-14,,,2075.0,17129.1,19204.1,,0.16779498087660805,76.0,2641.6,0.012201458336982095,209.0,202.0,63.773514851485146,12882.25,4076.96,,92.0,46.16141304347826,4246.85,114.0,294.0,
2023-10-15,,,0.0,9566.0,9566.0,,-0.18368391859026326,61.0,1721.5,0.030733849048714196,294.0,74.0,54.34121621621622,4021.25,3134.95,,136.0,40.7702205882353,5544.75,0.0,210.0,
2023-10-16,,,1682.22,7852.23,9534.449999999999,,0.006438092796718734,61.0,1834.75,0.0025495941917136914,20.02,100.0,56.55,5655.0,2463.03,,61.0,36.02016393442623,2197.23,0.0,161.0,
2023-10-17,,,0.0,9263.5,9263.5,,0.4838195037329749,50.0,1748.25,0.012954067037296919,120.0,74.0,73.17905405405405,5415.25,3013.13,,99.0,38.871212121212125,3848.25,10.0,173.0,
2023-10-18,,,0.0,12114.0,12114.0,,0.9313643429391367,53.0,1793.5,0.005778438170711574,70.0,127.0,78.32283464566929,9947.0,3327.96,,59.0,36.728813559322035,2167.0,32.0,186.0,
2023-10-19,,,14886.0,8644.01,23530.010000000002,,-0.28879591576470387,70.0,1659.76,0.017353057203774638,150.0,103.0,54.679611650485434,5632.0,3194.25,,89.0,33.84280898876405,3012.01,70.0,192.0,
2023-10-20,,,0.0,15603.0,15603.0,,0.0841055521239867,86.0,2330.0,0.018842530282637954,294.0,183.0,64.39480874316939,11784.25,4052.12,,113.0,33.79424778761062,3818.75,0.0,296.0,
2023-10-21,,,3600.0,21372.2,24972.2,,-0.025968906221444512,93.0,2762.75,0.014504824023731763,310.0,237.0,73.02426160337552,17306.75,4134.82,,108.0,37.643055555555556,4065.45,29.0,345.0,
2023-10-22,,,0.0,15103.75,15103.75,,-0.007898712559117184,59.0,2699.0,0.018604651162790697,281.0,105.0,67.9095238095238,7130.5,3406.66,,188.0,42.410904255319146,7973.25,14.0,293.0,
2023-10-23,,,0.0,10478.5,10478.5,,0.2413813529202701,66.0,2342.0,0.011070286777687646,116.0,108.0,73.31481481481481,7918.0,2725.59,,59.0,43.398305084745765,2560.5,26.0,167.0,
2023-10-24,,,0.0,10638.0,10638.0,,0.13535579924757865,45.0,1510.5,0.007802218462116939,83.0,125.0,65.224,8153.0,3056.83,,76.0,32.69736842105263,2485.0,61.0,201.0,
2023-10-25,,,0.0,13535.710000000001,13535.710000000001,,0.3340603671307134,67.0,2159.26,0.02925594593855808,396.0,170.0,64.17764705882354,10910.2,3599.8,,73.0,35.965890410958906,2625.51,0.0,243.0,
2023-10-26,,,0.0,10281.75,10281.75,,-0.06478533745679461,63.0,1460.5,0.01828482505410071,188.0,128.0,61.78125,7908.0,3345.68,,117.0,20.28846153846154,2373.75,22.0,245.0,
2023-10-27,,,0.0,22932.5,22932.5,,0.12121106929776218,98.0,2631.0,0.010639921508775754,244.0,255.0,77.27058823529411,19704.0,4125.15,,87.0,37.10919540229885,3228.5,0.0,342.0,
2023-10-28,,,0.0,19538.96,19538.96,,-0.021134892687328263,130.0,3201.25,0.014893320831815,291.0,275.0,53.82276363636364,14801.26,4226.98,,130.0,36.44384615384615,4737.7,46.0,405.0,
2023-10-29,,,0.0,11530.77,11530.77,,-0.24578801059619973,84.0,2451.27,0.016390926191399185,189.0,94.0,47.691489361702125,4483.0,3557.03,,195.0,36.14241025641026,7047.77,62.0,289.0,
2023-10-30,,,10792.96,6469.25,17262.21,,-0.4910810863964442,46.0,1242.75,0.023804923290953357,154.0,73.0,60.35616438356164,4406.0,2845.1,,56.0,36.84375,2063.25,20.0,129.0,
2023-10-31,,,0.0,12597.05,12597.05,,0.5803085083161256,76.0,2522.0,0.011669398787811433,147.0,168.0,64.50029761904761,10836.05,3641.9,,49.0,35.93877551020408,1761.0,0.0,217.0,
2023-11-01,,,85.0,10325.25,10410.25,,-0.2663338899349842,61.0,1579.75,0.013655843684172296,141.0,144.0,61.939236111111114,8919.25,3498.31,,40.0,35.15,1406.0,42.0,184.0,
2023-11-02,,,0.0,13804.0,13804.0,,0.09878213802435724,52.0,1760.0,0.005433207765864967,75.0,164.0,63.548780487804876,10422.0,3907.78,,89.0,38.0,3382.0,117.0,253.0,
2023-11-03,,,2325.0,30663.0,32988.0,,0.006474153278959777,33.0,907.75,0.016665036036917456,511.0,271.0,100.17712177121771,27148.0,3935.1,,97.0,36.23711340206186,3515.0,0.0,368.0,
2023-11-04,,,0.0,26335.5,26335.5,,0.11177671506296931,101.0,2940.0,0.01359381823014562,358.0,340.0,58.73970588235294,19971.5,4058.5,,133.0,47.849624060150376,6364.0,0.0,473.0,
2023-11-05,,,0.0,15429.970000000001,15429.970000000001,,0.15617539731898666,70.0,2783.2,0.013480259520919352,208.0,122.0,55.768606557377055,6803.77,4054.83,,207.0,41.672463768115946,8626.2,0.0,329.0,
